word,score
一专多能,1
一丝不差,1
一丝不苟,1
一个心眼儿,1
一五一十,1
一体化,1
一元化,1
一刻千金,1
一口,1
一叶知秋,1
一呼百应,1
一呼百诺,1
一团和气,1
一如既往,1
一字不差地,1
一定,1
一尘不染,1
一干二净,1
一往情深,1
一律,1
一心,1
一心一德,1
一心一意,1
一本正经,1
一板正经,1
一步一个脚印儿,1
一流,1
一清二楚,1
一清二白,1
一目了然,1
一碗水端平,1
一笔一划,1
一笔不苟,1
一等,1
一级,1
一致,1
一若以往,1
一表非凡,1
一视同仁,1
一语双关,1
一贯,1
一身是胆,1
一身正气,1
一门心思,1
丁是丁，卯是卯,1
万不得已,1
万人空巷,1
万众瞩目,1
万全,1
万变不离其宗,1
万古长青,1
万夫不当,1
万夫莫当,1
万无一失,1
万籁俱寂,1
万马奔腾,1
三下五除二,1
三思而后行,1
三思而行,1
上,1
上上,1
上乘,1
上劲,1
上品,1
上好,1
上流,1
上照,1
上相,1
上等,1
上色,1
上赶,1
上赶着,1
上镜,1
下酒,1
下饭,1
不为已甚,1
不争,1
不亢不卑,1
不会弄错,1
不会腐败,1
不俗,1
不偏不倚,1
不加区别,1
不加掩饰,1
不加渲染,1
不动摇,1
不卑不亢,1
不厌,1
不厌其烦,1
不厌其详,1
不变,1
不可或缺,1
不可缺,1
不可缺少,1
不同凡响,1
不同寻常,1
不含糊,1
不咎既往,1
不在话下,1
不大不小,1
不大离儿,1
不容怀疑,1
不容置疑,1
不容置辩,1
不屈,1
不屈不挠,1
不惜,1
不惮其烦,1
不愧,1
不懈,1
不懈怠,1
不整齐,1
不无小补,1
不无裨益,1
不无道理,1
不武断,1
不泄气,1
不畏艰险,1
不看僧面看佛面,1
不知疲倦,1
不离儿,1
不简单,1
不耻下问,1
不胜欣忭,1
不苟,1
不苟言笑,1
不落俗套,1
不落窠臼,1
不言而喻,1
不费力,1
不费吹灰之力,1
不赖,1
不错,1
不限,1
不难,1
不骄不躁,1
专一,1
专心,1
专心致志,1
专挚,1
专注,1
丕,1
世界级,1
丝毫不差,1
两袖清风,1
严整,1
严正,1
严肃,1
严谨,1
个性鲜明,1
中,1
中允,1
中听,1
中坚,1
中心,1
中意,1
中正,1
中用,1
中看,1
中肯,1
丰,1
丰姿绰约,1
丰实,1
丰沃,1
丰润,1
丰美,1
丰腴,1
丰茂,1
丰裕,1
丰饶,1
为人宽厚,1
为人正直,1
为宜,1
主动,1
主导,1
主持,1
主要,1
丽,1
举止大方,1
举止文雅,1
举止端庄,1
举足轻重,1
久经考验,1
义,1
义务,1
乐,1
乐不可支,1
乐乐呵呵,1
乐于,1
乐呵呵,1
乐善好施,1
乐天,1
乐悠悠,1
乐意,1
乐滋滋,1
乐融融,1
乐观,1
乐陶陶,1
乐颠颠,1
乖,1
乖巧,1
乖觉,1
买账,1
了当,1
了然,1
争相,1
事关重大,1
事实上,1
事实胜于雄辩,1
二话不说,1
二话没说,1
五大三粗,1
五彩纷呈,1
五星级,1
五谷丰登,1
井井有条,1
井然,1
井然有序,1
亘古未有,1
交口称誉,1
交口称赞,1
亦然,1
亭亭玉立,1
亭匀,1
亮,1
亮丽,1
亮亮堂堂,1
亮光光,1
亮堂,1
亮堂堂,1
亮晃晃,1
亮晶晶,1
亮锃锃,1
亮闪闪,1
亲切,1
亲切友好,1
亲善,1
亲昵,1
亲热,1
亲热亲热,1
人和,1
人寿年丰,1
人山人海,1
人心大快,1
人来人往,1
人欢马叫,1
人给家足,1
人道,1
仁,1
仁义,1
仁厚,1
仁慈,1
仁爱,1
仁至义尽,1
从一而终,1
从头到尾,1
从头到底,1
从头至尾,1
从始至终,1
从实,1
从宽,1
从权,1
从轻,1
仔仔细细,1
仔细,1
仞,1
仡,1
令人信服,1
令人大开眼界,1
令人满意,1
令人瞩目,1
令人神往,1
令人羡慕,1
令人钦佩,1
令人高兴,1
令人鼓舞,1
以一当十,1
以德报怨,1
以期,1
以求,1
仪态万方,1
仪表堂堂,1
仰,1
仰慕,1
价值千金,1
价值连城,1
任劳任怨,1
任性,1
任意,1
企,1
企慕,1
企望,1
企盼,1
众口一词,1
众所周知,1
众目昭彰,1
众目睽睽,1
优,1
优厚,1
优异,1
优惠,1
优柔,1
优渥,1
优秀,1
优等,1
优美,1
优美动听,1
优胜,1
优良,1
优裕,1
优质,1
优越,1
优雅,1
会,1
伟,1
伟大,1
伟岸,1
传神,1
传统,1
伶俐,1
伸张,1
伸缩,1
似曾相识,1
低价,1
低价位,1
低廉,1
低调,1
低首下心,1
体态轻盈,1
体系化,1
体面,1
余裕,1
作为消遣,1
作兴,1
佥同,1
佩,1
佩服,1
佳,1
佳丽,1
佶,1
佼,1
使人愉快,1
使用方便,1
侃,1
供奉,1
依依不舍,1
依允,1
依旧,1
依然,1
侠义,1
侧重,1
M,1
便,1
便利,1
便宜,1
便当,1
便捷,1
便民,1
俅,1
俊,1
俊丽,1
俊俏,1
俊秀,1
俊美,1
俏,1
俏丽,1
俏皮,1
俏美,1
保准,1
保存良好,1
保皇,1
保险,1
俞允,1
信实,1
信得过,1
信息丰富,1
信赏必罚,1
俨,1
俨然,1
俭,1
俭朴,1
俭省,1
修明,1
俯允,1
俱佳,1
俳谐,1
m傥,1
倍儿棒,1
倒向,1
倜傥,1
倜傥不羁,1
倜傥不群,1
倡,1
倩,1
倬,1
值得崇拜,1
值得纪念,1
值得羡慕,1
值钱,1
倾向,1
倾国倾城,1
倾心,1
倾心,1
倾情,1
倾慕,1
偏,1
偏偏,1
偏好,1
偏宠,1
偏爱,1
偏要,1
偏重,1
做得好,1
停妥,1
健,1
健全,1
健壮,1
健实,1
健康,1
健康美,1
健旺,1
健朗,1
健步,1
健硕,1
健美,1
傥,1
傧,1
催人奋进,1
傲然,1
G,1
像样,1
像样子,1
像话,1
僖,1
僭,1
儇,1
儒雅,1
允,1
允准,1
允当,1
允许,1
先人后己,1
先公后私,1
先决,1
先进,1
光,1
光亮,1
光亮亮,1
光可鉴人,1
光彩,1
光彩夺目,1
光彩炫目,1
光彩照人,1
光明,1
光明正大,1
光明磊落,1
光洁,1
光润,1
光溜,1
光溜溜,1
光滑,1
光滑滑,1
光灿,1
光灿灿,1
光耀,1
光艳,1
光芒万丈,1
光荣,1
光辉,1
光辉灿烂,1
光闪闪,1
光风霁月,1
光鲜,1
免票,1
免费,1
兢兢业业,1
入味,1
入微,1
入情入理,1
入时,1
入木三分,1
入理,1
入画,1
入眼,1
入神,1
入神,1
入耳,1
入迷,1
入魔,1
全,1
全始全终,1
全心全意,1
全新,1
全知全能,1
全神贯注,1
全能,1
全身心,1
公,1
公允,1
公平,1
公平正直,1
公开,1
公正,1
公正客观,1
公然,1
公祭,1
公而忘私,1
公道,1
关切,1
关心,1
关怀,1
关怀备至,1
关注,1
关照,1
关爱,1
关键,1
关键性,1
兴旺,1
兴盛,1
兴趣盎然,1
兴隆,1
兴高采烈,1
兵强马壮,1
其乐无穷,1
其乐融融,1
其实,1
具有历史意义,1
具有压倒性优势,1
具有吸引力,1
典型,1
典型性,1
典雅,1
养尊处优,1
兼顾,1
冀,1
冀望,1
冀求,1
内向,1
内向型,1
内敛,1
内秀,1
内行,1
冒尖,1
写意,1
写意,1
冥,1
冰清玉洁,1
冰肌玉骨,1
冰雪聪明,1
决定,1
决定性,1
决然,1
决绝,1
冶容,1
冶艳,1
净,1
准,1
准,1
准予,1
准时,1
准期,1
准点,1
准确,1
准确无误,1
准许,1
凝,1
凝神,1
凝重,1
凤毛麟角,1
出以公心,1
出众,1
出手不凡,1
出手大方,1
出神入化,1
出类拔萃,1
出色,1
出身名门,1
出身高贵,1
出迎,1
凿,1
凿凿,1
分文不取,1
分明,1
分析纯,1
分秒必争,1
切身,1
切题,1
划一,1
划一不二,1
划时代,1
刚,1
刚健,1
刚刚,1
刚劲,1
刚劲有力,1
刚好,1
刚强,1
刚正,1
刚正不阿,1
刚毅,1
刚直,1
刚直不阿,1
刚硬,1
创造性,1
初生牛犊般,1
判断正确,1
利,1
利他,1
利口,1
利嘴,1
利害攸关,1
利索,1
利落,1
利齿,1
别具一格,1
别具匠心,1
别开生面,1
别有情趣,1
别有风味,1
到,1
到家,1
刺眼,1
刻意,1
刻苦,1
剀,1
前卫,1
前所未有,1
前所未见,1
前所未闻,1
前无古人,1
前程万里,1
前程似锦,1
剔透,1
剡,1
剽悍,1
力主,1
力透纸背,1
功不可没,1
功德无量,1
加意,1
劢,1
动人,1
动人心弦,1
动人心魄,1
动听,1
动平衡,1
动态各异,1
动态平衡,1
劬,1
劭,1
劲,1
劳苦功高,1
,1
勃,1
勃勃,1
勃勃生机,1
勇,1
勇悍,1
勇敢,1
勇武,1
勇猛,1
勐,1
勤,1
勤劳,1
勤勉,1
勤勤恳恳,1
勤奋,1
勤快,1
勤恳,1
勾魂,1
勾魂摄魄,1
匀,1
匀乎,1
匀净,1
匀和,1
匀实,1
匀整,1
匀溜,1
匀称,1
匠心独具,1
匡,1
匪夷所思,1
十全,1
十全十美,1
十分满意,1
十分重要,1
十拿九稳,1
十足,1
千依百顺,1
千姿百态,1
千娇百媚,1
千恩万谢,1
千方百计,1
千真万确,1
升平,1
半公开,1
半透明,1
华,1
华丽,1
华美,1
华贵,1
协调一致,1
卑,1
卓,1
卓尔不群,1
卓然,1
卓荦,1
卓著,1
卓越,1
卓越超群,1
卓跞,1
单一,1
单刀直入,1
单纯,1
博古通今,1
博大,1
博大精深,1
博学,1
博学多才,1
博学多能,1
博学多闻,1
博识,1
博闻,1
博闻广识,1
博闻强记,1
博雅,1
占理,1
卫生,1
历历,1
历历可数,1
历史性,1
厚,1
厚望,1
厚道,1
原封,1
原封不动,1
厮熟,1
参拜,1
参谒,1
又红又专,1
及格,1
友,1
友善,1
友好,1
友爱,1
双料,1
双稳态,1
反哺,1
发人深思,1
发人深省,1
发噱,1
发育完全,1
发自肺腑,1
受吃,1
受听,1
受看,1
受过良好训练,1
变通,1
叠翠,1
口紧,1
口角春风,1
古朴,1
古色古香,1
古道热肠,1
古香古色,1
叩,1
叩头,1
叩拜,1
叩首,1
叫好,1
叫真,1
叫真儿,1
叫绝,1
可,1
可乐,1
可亲,1
可以信赖,1
可信,1
可信任,1
可信赖,1
可口,1
可喜,1
可嘉,1
可圈可点,1
可塑,1
可心,1
可意,1
可敬,1
可歌可泣,1
可爱,1
可笑,1
可统一,1
可能,1
可观,1
可贵,1
可靠,1
台面上,1
叱咤风云,1
史无前例,1
史诗般,1
叹,1
叹为观止,1
叹服,1
叹羡,1
叹赏,1
吃得开,1
吃醋,1
吃香,1
各得其所,1
合乎逻辑,1
合口,1
合口味,1
合宜,1
合度,1
合当,1
合情合理,1
合情理,1
合拍,1
合掌,1
合时,1
合格,1
合法,1
合理,1
合群,1
合胃口,1
合适,1
吉,1
吉利,1
吉庆,1
吉星高照,1
吉祥,1
吉祥如意,1
吊祭,1
同情,1
同意,1
同等重要,1
名,1
名不虚传,1
名副其实,1
名垂千古,1
名垂青史,1
名声大,1
名声大振,1
名实相符,1
名正言顺,1
名牌,1
名特优,1
名特优新,1
名誉,1
名贵,1
后生可畏,1
吐口,1
吐气扬眉,1
向,1
向 ... 倾斜,1
向往,1
向着,1
含义明确,1
含情,1
含情脉脉,1
含蓄,1
吸引人眼球,1
周到,1
周密,1
周至,1
周详,1
呱呱叫,1
味道好,1
味道鲜,1
呼之欲出,1
和,1
和和气气,1
和和睦睦,1
和善,1
和声,1
和婉,1
和平,1
和悦,1
和易,1
和气,1
和洽,1
和畅,1
和睦,1
和祥,1
和缓,1
和蔼,1
和蔼可亲,1
和谐,1
和软,1
和顺,1
和颜悦色,1
和风细雨,1
咏赞,1
哀婉,1
哀艳,1
品学兼优,1
哄闹,1
哈,1
响当当,1
哏,1
哙,1
哲,1
哿,1
哿,1
唇红齿白,1
唯命是从,1
唯命是听,1
唯唯诺诺,1
唱喏,1
啧啧称羡,1
啧啧称赞,1
喁,1
善,1
善交际,1
善始善终,1
善意,1
善良,1
喜,1
喜上心头,1
喜上眉梢,1
喜不自禁,1
喜不自胜,1
喜乐,1
喜兴,1
喜冲冲,1
喜出望外,1
喜吟吟,1
喜好,1
喜孜孜,1
喜幸,1
喜形于色,1
喜悦,1
喜欢,1
喜气洋洋,1
喜洋洋,1
喜滋滋,1
喜爱,1
喜盈盈,1
喜眉笑眼,1
喝彩,1
喧闹,1
喷喷香,1
喷香,1
嗓子好,1
嗟,1
嘉,1
嘉,1
嘉奖,1
嘉许,1
嘴快,1
嘴稳,1
嘴紧,1
嘻嘻哈哈,1
器宇不凡,1
器宇轩昂,1
器重,1
噱头,1
,1
四平八稳,1
回味无穷,1
回敬,1
回礼,1
因地制宜,1
因时制宜,1
因材施教,1
因陋就简,1
团结,1
固,1
固定,1
固若金汤,1
国优,1
国泰民安,1
国色天香,1
圆柔,1
圆活,1
圆浑,1
圆润,1
圆熟,1
圆通,1
圈定,1
圣,1
圣明,1
圣洁,1
圣礼,1
在乎,1
在心,1
在情理之中,1
在意,1
在理,1
在行,1
地动山摇,1
地地道道,1
地覆天翻,1
地道,1
均,1
均一,1
均匀,1
均等,1
均衡,1
坚,1
坚不可摧,1
坚决,1
坚固,1
坚固耐用,1
坚如磐石,1
坚定,1
坚定不移,1
坚实,1
坚强,1
坚强不屈,1
坚忍,1
坚忍不拔,1
坚持不懈,1
坚持不渝,1
坚挺,1
坚毅,1
坚贞,1
坚贞不屈,1
坚贞不渝,1
坚韧,1
坚韧不拔,1
坦,1
坦坦荡荡,1
坦实,1
坦率,1
坦率直言,1
坦白,1
坦直,1
坦荡,1
坦荡荡,1
坦诚,1
坦诚相待,1
坦诚相见,1
垂念,1
垂涎,1
垂涎三尺,1
垂涎欲滴,1
垂爱,1
垂青,1
基,1
基本,1
基础,1
基础性,1
基础扎实,1
基部,1
埽,1
堂堂,1
堂堂正正,1
堂皇,1
堂而皇之,1
堕入情网,1
堕入爱河,1
堪称一绝,1
堪称第一,1
塌实,1
墩墩实实,1
壮,1
壮丽,1
壮健,1
壮实,1
壮烈,1
壮美,1
壮观,1
壮阔,1
声势浩大,1
声名大噪,1
声名大振,1
声情并茂,1
备细,1
外向,1
多劳多得,1
多姿,1
多姿多采,1
多彩,1
多快好省,1
多情,1
多情善感,1
多才多艺,1
多留个心眼儿,1
夜不闭户,1
夜有所梦,1
够味儿,1
够意思,1
够格,1
够水平,1
夤,1
大,1
大公无私,1
大功率,1
大吉,1
大吉大利,1
大名鼎鼎,1
大喜过望,1
大大方方,1
大好,1
大度,1
大快人心,1
大慈大悲,1
大方,1
大无畏,1
大有作为,1
大有希望,1
大有文章,1
大有益处,1
大有裨益,1
大红大紫,1
大而全,1
大胆,1
大胆泼辣,1
大量,1
天下为公,1
天从人愿,1
天公地道,1
天姿国色,1
天字第一号,1
天才,1
天摇地动,1
天真,1
天真无邪,1
天真烂漫,1
天经地义,1
天翻地覆,1
天衣无缝,1
天赐,1
天造地设,1
天遂人愿,1
天随人愿,1
天香国色,1
太太平平,1
太平,1
头,1
头号,1
头头是道,1
头等,1
头脑清醒,1
头面,1
夷,1
夸,1
夸奖,1
夸赞,1
夹道欢迎,1
夺目,1
奇妙,1
奇巧,1
奇货可居,1
奉,1
奉公守法,1
奉若神明,1
奉迎,1
奋勇,1
奔放,1
奕,1
奖,1
奖励,1
奖掖,1
奖罚分明,1
奖赏,1
奘,1
奠祭,1
奢望,1
奥,1
奥博,1
奥妙,1
好,1
好,1
好上加好,1
好使,1
好办,1
好受,1
好吃,1
好听,1
好声好气,1
好奇,1
好好,1
好客,1
好心,1
好心好意,1
好心肠,1
好情,1
好玩,1
好玩儿,1
好生生,1
好用,1
好看,1
好端端,1
好笑,1
好说话,1
好说话儿,1
好过,1
如初,1
如实,1
如意,1
如愿以偿,1
如故,1
如数家珍,1
如旧,1
如期,1
如痴如狂,1
如痴如醉,1
如花似玉,1
如花似锦,1
如获至宝,1
如虎添翼,1
如醉如痴,1
如雷贯耳,1
如饮醍醐,1
如鱼得水,1
妄想,1
妇孺皆知,1
妍,1
妍丽,1
妒,1
妒嫉,1
妒忌,1
妒恨,1
妒火中烧,1
妒羡,1
妖冶,1
妖娆,1
妖媚,1
妖艳,1
妙,1
妙不可言,1
妙趣横生,1
妥,1
妥切,1
妥善,1
妥当,1
妥贴,1
妩,1
妩媚,1
始终不懈,1
始终不渝,1
始终如一,1
委婉,1
姝,1
姣,1
姣好,1
姣美,1
姹,1
威严,1
威武,1
威风,1
威风凛凛,1
娆,1
娇,1
娇丽,1
娇好,1
娇娆,1
娇媚,1
娇柔,1
娇滴滴,1
娇美,1
娇艳,1
娈,1
娉,1
娉娉袅袅,1
娉婷,1
娓娓,1
娓娓动听,1
娟,1
娟娟,1
娟秀,1
娴,1
娴淑,1
娴熟,1
娴雅,1
娴静,1
婀娜,1
婀娜多姿,1
婉,1
婉丽,1
婉娩,1
婉约,1
婉言,1
婉转,1
婉顺,1
婚生,1
婵娟,1
婵媛,1
婵蝉,1
婷,1
婷婷,1
婷婷袅袅,1
媚人,1
u,1
u嫉,1
嫉,1
嫉妒,1
,1
嫣,1
嫣然,1
嬖,1
孛,1
孜孜,1
孜孜不倦,1
孝敬,1
孝顺,1
学力宏赡,1
学富五车,1
学有专长,1
学而不厌,1
学识渊博,1
孳,1
宁,1
宁静,1
守候,1
守岁,1
守时,1
守时间,1
守法,1
安,1
安,1
安乐,1
安全,1
安分,1
安好,1
安如泰山,1
安如磐石,1
安宁,1
安安稳稳,1
安安静静,1
安定,1
安康,1
安恬,1
安泰,1
安澜,1
安然,1
安然无事,1
安然无恙,1
安生,1
安稳,1
安详,1
安谧,1
安适,1
安逸,1
安静,1
安顿,1
完,1
完全,1
完善,1
完备,1
完好,1
完好如初,1
完好如新,1
完好无损,1
完整,1
完美,1
完美无瑕,1
完美无疵,1
完美无缺,1
宏,1
宏丽,1
宏伟,1
宏大,1
宏富,1
宏赡,1
宓,1
宗仰,1
定,1
宛转,1
宜,1
宜人,1
宝,1
宝贵,1
实,1
实事求是,1
实则,1
实在,1
实实在在,1
实实惠惠,1
实心,1
实心实意,1
实心眼儿,1
实惠,1
实意,1
实打实,1
实施得力,1
实用,1
实至名归,1
实诚,1
实质上,1
实质性,1
实际,1
实际上,1
宠,1
宠幸,1
宠爱,1
审慎,1
客气,1
客观,1
客观上,1
家喻户晓,1
家给人足,1
容,1
容人,1
容易,1
容许,1
宽,1
宽厚,1
宽大,1
宽宏,1
宽宏大量,1
宽容,1
宽怀,1
宽松,1
宽松,1
宽洪,1
宽畅,1
寂,1
寂然,1
寂静,1
密,1
密切,1
富,1
富丽,1
富丽堂皇,1
富可敌国,1
富实,1
富庶,1
富有,1
富有弹性,1
富有成效,1
富有成果,1
富甲一方,1
富裕,1
富贵,1
富足,1
富饶,1
寓意深刻,1
寓意深长,1
对,1
对劲儿,1
对号,1
对味儿,1
对头,1
对称,1
封禅,1
尊,1
尊,1
尊崇,1
尊敬,1
尊敬,1
尊贵,1
尊重,1
小,1
小巧玲珑,1
小康,1
小心,1
小心翼翼,1
小心谨慎,1
小有名气,1
小面额,1
少不了,1
少不得,1
尔雅,1
尖,1
尖利,1
尖端,1
尖锐,1
尚,1
尤,1
尤异,1
尽,1
尽人皆知,1
尽可能,1
尽善尽美,1
尽如人意,1
尽孝,1
尽心,1
尽心尽力,1
尽心竭力,1
尽忠,1
居高临下,1
屏声息气,1
屏息静气,1
屏气凝神,1
属实,1
属意,1
属望,1
履险如夷,1
山摇地动,1
山明水秀,1
山清水秀,1
岑寂,1
崇,1
崇,1
崇仰,1
崇尚,1
崇拜,1
崇敬,1
崇高,1
崭,1
崭新,1
嶷,1
工工整整,1
工巧,1
工整,1
工稳,1
工细,1
工致,1
巧,1
巧夺天工,1
巧妙,1
巩固,1
已知,1
巴,1
巴不得,1
巴望,1
巴结,1
帅,1
希,1
希冀,1
希图,1
希望,1
希罕,1
带修辞色彩,1
带劲,1
常,1
常规,1
干净,1
干净利落,1
干干净净,1
干练,1
干脆,1
干脆利落,1
平,1
平允,1
平和,1
平坦,1
平安,1
平安无事,1
平实,1
平展,1
平平安安,1
平平静静,1
平心静气,1
平整,1
平易,1
平易近人,1
平板,1
平滑,1
平稳,1
平等,1
平等互利,1
平等地,1
平缓,1
平衡,1
平静,1
年富力强,1
年高德劭,1
并茂,1
并重,1
幸福,1
幸运,1
幽,1
幽丽,1
幽凄,1
幽娴,1
幽婉,1
幽寂,1
幽美,1
幽闲,1
幽雅,1
幽静,1
幽默,1
幽默滑稽,1
广远,1
庄严,1
庄重,1
庆,1
庆幸,1
庆祝,1
庆贺,1
应,1
应下,1
应允,1
应准,1
应承,1
应有,1
应许,1
度量大,1
康,1
康乐,1
康健,1
康泰,1
廉,1
廉价,1
廉明,1
廉洁,1
廉洁奉公,1
廑,1
建设性,1
开心,1
开拓型,1
开明,1
开朗,1
开绿灯,1
开诚布公,1
开通,1
开门见山,1
开阔,1
异彩纷呈,1
引人入胜,1
引人注意,1
引人注目,1
引人深思,1
引人瞩目,1
引领,1
引颈企待,1
弘,1
弘大,1
弥足珍贵,1
弹冠相庆,1
弹性,1
强,1
强健,1
强势,1
强固,1
强壮,1
强壮有力,1
强大,1
强悍,1
强有力,1
强硬,1
当,1
当之无愧,1
当仁不让,1
当众,1
当心,1
当真,1
当红,1
当面,1
形象化,1
形象地,1
彪壮,1
彪形,1
彪悍,1
彪炳,1
彪炳千古,1
彪炳史册,1
彬,1
彬彬,1
彬彬有礼,1
彰,1
彰明较著,1
很有意义,1
很有抱负,1
得体,1
得力,1
得势,1
得天独厚,1
得宜,1
得当,1
得心应手,1
得意,1
得意忘形,1
得法,1
微言大义,1
徼,1
徼幸,1
心口如一,1
心向,1
心地善良,1
心地纯良,1
心宽,1
心慈,1
心慈手软,1
心慈面软,1
心旷神怡,1
心明眼亮,1
心满意足,1
心灵,1
心灵手巧,1
心灵美,1
心甘,1
心甘情愿,1
心疼,1
心直口快,1
心细,1
心肠软,1
心胸开阔,1
心花怒放,1
心荡神驰,1
心软,1
心醉,1
心驰神往,1
必不可少,1
必备,1
必要,1
必需,1
忌,1
忌妒,1
志在千里,1
志愿,1
忘乎所以,1
忘我,1
忠,1
忠义,1
忠信,1
忠厚,1
忠实,1
忠心耿耿,1
忠心赤胆,1
忠忱,1
忠直,1
忠耿,1
忠良,1
忠诚,1
忠贞,1
忠贞不屈,1
忠贞不渝,1
忠贞不贰,1
忠顺,1
忠鲠,1
快,1
快,1
快乐,1
快人快语,1
快刀斩乱麻,1
快意,1
快慰,1
快捷,1
快活,1
忭,1
忭跃,1
忮,1
念,1
,1
忻,1
怀,1
怀念,1
怀恋,1
怀想,1
怃,1
怏然自足,1
怕事,1
怜爱,1
思,1
思念,1
思恋,1
思慕,1
思路清晰,1
怡,1
怡和,1
怡然,1
怡然自得,1
急,1
急公好义,1
急进,1
性命交关,1
性命攸关,1
性情温良,1
性格外向,1
怿,1
恂,1
恋,1
恋恋不舍,1
恋爱,1
恒,1
恒定,1
恒量,1
恣肆,1
恨不得,1
恨不能,1
恩恩爱爱,1
恩爱,1
恪,1
恬,1
恬适,1
恬静,1
恭,1
恭喜,1
恭恭敬敬,1
恭敬,1
恭敬,1
恭祝,1
恭维,1
恭而敬之,1
恭谨,1
恭贺,1
恭顺,1
恰,1
恰到好处,1
恰如其分,1
恰当,1
恳,1
恳切,1
恳挚,1
恺,1
恺,1
悃,1
悄,1
悄声,1
悄悄,1
悄没声,1
悄然,1
悉心,1
悍,1
悚,1
悠扬,1
悦,1
悦服,1
悦目,1
悦耳,1
悫,1
悬红,1
悬赏,1
悲壮,1
情意恳挚,1
情愿,1
情文并茂,1
情有独钟,1
情真意切,1
,1
惊喜,1
,1
惕,1
惜,1
惟命是从,1
惟命是听,1
惨淡,1
惨烈,1
惬,1
惬意,1
想,1
想念,1
想望,1
惺,1
惺惺,1
愀,1
愉,1
愉快,1
愉悦,1
意味深长,1
意在言外,1
意欲,1
愚公移山,1
感,1
感人,1
感兴趣,1
感同身受,1
感恩,1
感恩戴德,1
感激,1
感激不尽,1
感激涕零,1
感谢,1
愣是,1
愣要,1
愿,1
愿意,1
慈,1
慈善,1
慈悲,1
慈悲为怀,1
慈祥,1
慊,1
慎,1
慎重,1
慕,1
慕名,1
慢条斯理,1
慧,1
慧眼独具,1
慨,1
慨然,1
慷慨,1
憧憬,1
憨,1
憨厚,1
憨实,1
憨直,1
懂事,1
懂礼,1
懂行,1
懋,1
懔,1
懿,1
戆直,1
戏剧化,1
戏剧性,1
成,1
成器,1
成熟,1
成趣,1
战斗,1
戛戛,1
戴,1
戾,1
手不释卷,1
手勤,1
手巧,1
手快,1
手松,1
手脚麻利,1
手舞足蹈,1
手软,1
才华横溢,1
才思敏捷,1
才气横溢,1
才略过人,1
才高八斗,1
扎实,1
扎扎实实,1
扎眼,1
打千,1
打心底里,1
打心眼儿里,1
打心眼里,1
打眼,1
扣人心弦,1
执着,1
执著,1
扬扬,1
扬扬得意,1
扬扬自得,1
扬眉吐气,1
扰攘,1
扶疏,1
批准,1
扼要,1
承,1
承平,1
承应,1
承情,1
承望,1
承蒙,1
技高一筹,1
把牢,1
把稳,1
把细,1
抓,1
抓紧,1
投入,1
投机,1
投缘,1
抖,1
折服,1
抢眼,1
披沥,1
披肝沥胆,1
抬举,1
抬爱,1
拍手叫好,1
拍手称快,1
拍案叫绝,1
拔俗,1
拔尖,1
拔尖儿,1
拘谨,1
招笑儿,1
拜,1
拜拜,1
拜服,1
拜谒,1
拜贺,1
拥,1
拥戴,1
拥护,1
拱手,1
拳拳,1
拾金不昧,1
拿手,1
持之有故,1
持平,1
持正不阿,1
持重,1
挂牵,1
指望,1
指靠,1
按时,1
按期,1
挑三拣四,1
挑战性,1
挑眼,1
挚,1
挚切,1
挚爱,1
挚诚,1
挢,1
挨边,1
振奋人心,1
挺括,1
挺秀,1
捎带,1
捧场,1
据实,1
捷,1
掏心,1
排列整齐,1
排列有序,1
排场,1
探囊取物,1
接受,1
推,1
推尊,1
推崇,1
推戴,1
推许,1
推重,1
措意,1
掬诚,1
揄扬,1
提倡,1
揖,1
摆好,1
摇头摆尾,1
摇头晃脑,1
摩登,1
撑台面,1
撑腰,1
擅场,1
支持,1
支柱性,1
放之四海而皆准,1
放在心上,1
放胆,1
敏,1
敏悟,1
敏慧,1
敏捷,1
敏锐,1
敞亮,1
敞口,1
敞开,1
敞开儿,1
敢,1
敢,1
敦,1
敦厚,1
敦实,1
敦敦实实,1
敬,1
敬,1
敬仰,1
敬佩,1
敬奉,1
敬慕,1
敬服,1
敬爱,1
敬畏,1
敬礼,1
敬祝,1
敬若神明,1
敬贺,1
敬重,1
数一数二,1
数得上,1
数得着,1
敲边鼓,1
整,1
整整齐齐,1
整洁,1
整饬,1
整齐,1
整齐划一,1
文不加点,1
文从字顺,1
文文静静,1
文明,1
文武全才,1
文武兼备,1
文武双全,1
文绉绉,1
文质彬彬,1
文雅,1
文静,1
斌,1
斐,1
斐然,1
斗胆,1
料事如神,1
断然,1
斯文,1
斯斯文文,1
新,1
新奇,1
新异,1
新潮,1
新颖,1
新鲜,1
方便,1
方方正正,1
方正,1
施礼,1
旋律优美,1
旖旎,1
旗帜鲜明,1
无上,1
无上光荣,1
无人不晓,1
无价,1
无偿,1
无先例,1
无华,1
无变化,1
无可争议,1
无可厚非,1
无可置疑,1
无可訾议,1
无可非议,1
无奢望,1
无害,1
无容置疑,1
无微不至,1
无忧无虑,1
无恙,1
无愧,1
无懈可击,1
无所不可,1
无所不知,1
无所不能,1
无所畏惧,1
无所顾忌,1
无拘无束,1
无拘束,1
无损,1
无毒,1
无比幸福,1
无污染,1
无牵无挂,1
无瑕疵,1
无畏,1
无疑,1
无疵,1
无私,1
无私无畏,1
无罪,1
无误,1
无辜,1
无错误,1
既定,1
既往不咎,1
日有所思,1
时兴,1
时尚,1
时新,1
时髦,1
旷达,1
旺,1
旺盛,1
昂扬,1
昂昂,1
昂然,1
昂藏,1
昌,1
昌明,1
明,1
明丽,1
明了,1
明亮,1
明亮亮,1
明人不做暗事,1
明净,1
明处,1
明媚,1
明快,1
明快生动,1
明慧,1
明摆着,1
明文,1
明明,1
明明白白,1
明显,1
明晃晃,1
明晰,1
明智,1
明朗,1
明朗朗,1
明澈,1
明火执仗,1
明灿灿,1
明理,1
明畅,1
明白,1
明白了当,1
明白无误,1
明目张胆,1
明睿,1
明码,1
明确,1
明窗净几,1
明细,1
明艳,1
明达,1
明面,1
明面上,1
易,1
易如反掌,1
星级,1
春光明媚,1
春意融融,1
春秋正富,1
春秋鼎盛,1
春色满园,1
春风得意,1
春风满面,1
昭,1
昭彰,1
昭然,1
昭然若揭,1
昭著,1
是,1
是的,1
昶,1
显,1
显性,1
显扬,1
显明,1
显然,1
显目,1
显耀,1
显而易见,1
显著,1
显要,1
显见,1
显豁,1
显贵,1
显赫,1
显达,1
晃眼,1
晓事,1
晔,1
晟,1
普天同庆,1
景仰,1
景气,1
景色优美,1
晰,1
晶,1
晶莹,1
晶莹剔透,1
智,1
智勇双全,1
智慧型,1
智能型,1
曲线美,1
更优越,1
曼,1
曼妙,1
曾经沧海,1
最主要,1
最佳,1
最好,1
最新,1
最理想,1
最著名,1
最高,1
最高级,1
,1
有一套,1
有一手,1
有两下子,1
有两手,1
有个性,1
有为,1
有价值,1
有伸缩性,1
有保留地,1
有光,1
有出息,1
有利,1
有功,1
有勇气,1
有口无心,1
有同情心,1
有名,1
有名气,1
有味,1
有品味,1
有嘴无心,1
有地位,1
有声有色,1
有头有尾,1
有头有脸,1
有头脑,1
有始有终,1
有威信,1
有学问,1
有序,1
有心,1
有心眼,1
有心眼儿,1
有恒,1
有意,1
有意义,1
有意思,1
有戏,1
有所作为,1
有才干,1
有据,1
有效,1
有教养,1
有教益,1
有文化,1
有文章,1
有方,1
有智慧,1
有望,1
有朝气,1
有条不紊,1
有条有理,1
有条理,1
有板有眼,1
有根有据,1
有案可稽,1
有棱角,1
有求必应,1
有派,1
有涵养,1
有滋味,1
有滋有味,1
有理,1
有理有据,1
有理由,1
有用,1
有的放矢,1
有益,1
有目共睹,1
有盼,1
有盼儿,1
有眉目,1
有眼光,1
有眼力,1
有礼,1
有礼貌,1
有福,1
有福气,1
有种,1
有纪律,1
有胆量,1
有能力,1
有良心,1
有节制,1
有血有肉,1
有血气,1
有见地,1
有见识,1
有识,1
有贡献,1
有财产,1
有趣,1
有钱,1
有门,1
有门儿,1
有韧劲,1
有鼻子有眼,1
有鼻子有眼儿,1
服帖,1
服服帖帖,1
朗,1
望,1
望眼欲穿,1
朝思暮想,1
朝拜,1
朝气勃勃,1
朝气蓬勃,1
期,1
期待,1
期望,1
期盼,1
本质,1
朴,1
朴厚,1
朴实,1
朴实无华,1
朴拙,1
朴直,1
朴素,1
朴茂,1
朴质,1
机动,1
机巧,1
机敏,1
机智,1
机灵,1
机警,1
权变,1
权威性,1
权宜,1
来劲,1
来得,1
来神,1
来者不拒,1
杰,1
杰出,1
杲,1
杲杲,1
松,1
松动,1
松心,1
松快,1
板实,1
板板正正,1
板正,1
极其流行,1
极好,1
极热心,1
极神圣,1
果,1
果决,1
果敢,1
果断,1
枝繁叶茂,1
枭,1
柔,1
柔中有刚,1
柔和,1
柔婉,1
柔媚,1
柔曼,1
柔滑,1
柔美,1
柔韧,1
柔顺,1
标准,1
标定,1
标致,1
树叶茂盛,1
树碑立传,1
栩栩,1
栩栩如活,1
栩栩如生,1
核心,1
根本,1
根深柢固,1
根深蒂固,1
桌面儿上,1
梗直,1
梦寐以求,1
梦想,1
梦魂萦绕,1
检点,1
棒,1
森森,1
森然,1
楚楚,1
楚楚动人,1
楚楚可人,1
楚楚可怜,1
横心,1
欢,1
欢乐,1
欢喜,1
欢声雷动,1
欢天喜地,1
欢娱,1
欢实,1
欢快,1
欢忭,1
欢悦,1
欢愉,1
欢慰,1
欢欢喜喜,1
欢欣,1
欢欣鼓舞,1
欢洽,1
欢畅,1
欢腾,1
欢蹦乱跳,1
欢迎,1
欢闹,1
欣,1
欣喜,1
欣喜若狂,1
欣幸,1
欣慰,1
欣欣向荣,1
欣欣然,1
欣然,1
欣羡,1
欣赏,1
欲,1
款洽,1
歆,1
歆慕,1
歆羡,1
歌颂,1
正,1
正中下怀,1
正义,1
正大,1
正大光明,1
正好,1
正宗,1
正常,1
正当,1
正当年,1
正派,1
正点,1
正牌,1
正直,1
正确,1
正经,1
正经八百,1
正统,1
正而不谲,1
正面,1
武,1
死得其所,1
死活,1
死静,1
殊,1
殷,1
殷勤,1
殷实,1
殷富,1
殷殷,1
毅,1
毅然,1
毅然决然,1
毕恭毕敬,1
毖,1
毫不利己,1
毫不动摇,1
毫不犹豫,1
毫不畏惧,1
毫不费力,1
毫厘不差,1
毫厘不爽,1
毫发不差,1
毫发不爽,1
毫发无损,1
毫无保留地,1
毫无疑义,1
毫无错误,1
毫无问题,1
民主,1
气冲霄汉,1
气吞山河,1
气宇轩昂,1
气度不凡,1
气度恢宏,1
气概不凡,1
气派,1
气象万千,1
气贯长虹,1
气魄,1
水乳交融,1
水汪汪,1
水涔涔,1
水滴石穿,1
水灵,1
水灵灵,1
水莹莹,1
求之不得,1
求实,1
求真务实,1
汹汹,1
汹涌,1
汹涌澎湃,1
沁人心脾,1
沁入肺腑,1
沃,1
沉寂,1
沉毅,1
沉着,1
沉稳,1
沉静,1
沉鱼落雁,1
没分开,1
没弄脏,1
没有拖累,1
没有搀杂,1
没有说的,1
没有负担,1
没有阻碍,1
没的说,1
没说的,1
没错儿,1
油亮,1
油光,1
油光光,1
油光水滑,1
油光锃亮,1
油汪汪,1
沾沾自喜,1
法定,1
泠泠,1
泠泠作响,1
泠然,1
波光粼粼,1
波澜壮阔,1
注,1
注意,1
注重,1
泰,1
泰然处之,1
泰然自若,1
泱泱,1
泼悍,1
泼辣,1
洁,1
洁净,1
洋洋大观,1
洋洋得意,1
洋洋自得,1
洌,1
洒脱,1
洗炼,1
洗练,1
洪,1
洵,1
活,1
活便,1
活泛,1
活泼,1
活灵活现,1
活生生,1
活络,1
活跃,1
流利,1
流畅,1
流芳千古,1
流芳后世,1
流芳百世,1
流行,1
浃,1
浅,1
浅易,1
浅显,1
浅近,1
济,1
济事,1
浏,1
浑俗和光,1
浑厚,1
浑朴,1
浑然,1
浑然一体,1
浑身是胆,1
浑金璞玉,1
浓丽,1
浓艳,1
浓香,1
浩,1
浩大,1
浩然,1
浩荡,1
海枯石烂,1
消停,1
消消停停,1
消遣,1
消魂,1
润,1
涵蓄,1
淋漓,1
淋漓尽致,1
淑,1
淡泊,1
淡泊名利,1
淡泊明志,1
淡雅,1
深,1
深入人心,1
深入浅出,1
深切,1
深刻,1
深奥,1
深挚,1
深沉,1
深湛,1
深藏若虚,1
深远,1
深透,1
深邃,1
深长,1
淳,1
淳厚,1
淳朴,1
淳美,1
清,1
清一色,1
清丽,1
清亮,1
清亮亮,1
清净,1
清凌凌,1
清切,1
清口,1
清婉,1
清平,1
清幽,1
清幽幽,1
清廉,1
清彻,1
清新,1
清新淡雅,1
清明,1
清晰,1
清晰可辨,1
清晰明了,1
清朗,1
清楚,1
清正,1
清洁,1
清洁卫生,1
清淡,1
清湛,1
清澈,1
清澈见底,1
清白,1
清真,1
清秀,1
清纯,1
清脆,1
清越,1
清通,1
清醇,1
清醒,1
清雅,1
清静,1
清香,1
清馨,1
渊博,1
渊深,1
温厚,1
温和,1
温存,1
温存,1
温情,1
温情脉脉,1
温文尔雅,1
温柔,1
温润,1
温煦,1
温良,1
温静,1
温顺,1
温馨,1
温驯,1
渴念,1
渴想,1
渴慕,1
渴望,1
渴求,1
渴盼,1
游刃有余,1
湛,1
湛深,1
溜,1
溜光,1
溜光水滑,1
溜滑,1
溢美,1
溺爱,1
滋润,1
滑,1
滑不唧溜,1
滑天下之大稽,1
滑润,1
滑溜,1
滑溜溜,1
滑爽,1
滑稽,1
滑腻,1
滚瓜烂熟,1
滟,1
满,1
满口,1
满园春色,1
满心欢喜,1
满怀激情,1
满怀豪情,1
满意,1
满腔热忱,1
满腔热情,1
满腔热血,1
满足,1
满面春风,1
滢,1
滴水不漏,1
滴水穿石,1
漂亮,1
潇,1
潇洒,1
潜心,1
澄,1
澄净,1
澄明,1
澄清,1
澄澈,1
澄碧,1
澈,1
澹,1
澹泊,1
激动人心,1
激进,1
灏,1
火,1
火暴,1
火爆,1
灯火辉煌,1
灯火通明,1
灵,1
灵便,1
灵光,1
灵巧,1
灵快,1
灵捷,1
灵敏,1
灵活,1
灵活机动,1
灵秀,1
灵透,1
灵验,1
灼,1
灼亮,1
灼灼,1
灼然,1
灼然可见,1
灼然无疑,1
灿,1
灿亮,1
灿烂,1
灿烂夺目,1
灿然,1
炅,1
炉火纯青,1
炙手可热,1
炜,1
炫目,1
炯,1
炯炯,1
炯炯有神,1
炳,1
点头,1
点头哈腰,1
点头称是,1
炽盛,1
烁,1
烁亮,1
烂漫,1
烂熟,1
烈,1
烧高香,1
烨,1
热,1
热乎,1
热切,1
热和,1
热心,1
热心,1
热心肠,1
热情,1
热情洋溢,1
热火,1
热火朝天,1
热点,1
热烈,1
热热闹闹,1
热血,1
热诚,1
热门,1
热闹,1
焕,1
煊,1
煊赫,1
煌,1
煌煌,1
照准,1
照实,1
照旧,1
照样,1
照理,1
照直,1
照章,1
熊腰虎背,1
熙,1
熙和,1
熙攘,1
熙来攘往,1
熙熙攘攘,1
熟,1
熟巧,1
熟悉,1
熟练,1
熟识,1
熟透,1
熠,1
熠熠,1
熠熠生辉,1
熠耀,1
爱,1
爱上,1
爱不忍释,1
爱不释手,1
爱好,1
爱宠,1
爱屋及乌,1
爱怜,1
爱恋,1
爱惜,1
爱慕,1
爱戴,1
爱抚,1
爱护,1
爽,1
爽,1
爽利,1
爽口,1
爽心,1
爽心悦目,1
爽快,1
爽快,1
爽怡,1
爽朗,1
爽气,1
爽目,1
爽直,1
牢,1
牢固,1
牢牢,1
牢稳,1
牢靠,1
,1
物理,1
物阜民丰,1
牵挂,1
牵肠挂肚,1
特出,1
特异,1
特惠,1
特等,1
特级,1
特许,1
犀利,1
犒,1
犒劳,1
犒赏,1
状况良好,1
狂乱,1
狂喜,1
狂想,1
狂放,1
狂热,1
狠,1
狠抓,1
狠狠,1
独具匠心,1
独具只眼,1
独具慧眼,1
独具特色,1
独出心裁,1
独到,1
狷,1
狷介,1
猗,1
猴儿精,1
玄,1
玄之又玄,1
玄奥,1
玄妙,1
玄秘,1
玄而又玄,1
玄远,1
率,1
率直,1
率真,1
玉,1
玉洁冰清,1
玉立,1
玮,1
现实,1
玲珑,1
玲珑剔透,1
珍,1
珍,1
珍奇,1
珍异,1
珍惜,1
珍爱,1
珍稀,1
珍视,1
珍贵,1
珍重,1
珠圆玉润,1
理会,1
理性,1
理想,1
理想化,1
理所当然,1
理智,1
理直气壮,1
琦,1
琳琅满目,1
瑕不掩瑜,1
瑞,1
瑰,1
瑰丽,1
瑰伟,1
瑰玮,1
璀璨,1
璀璨夺目,1
璞玉浑金,1
璨然,1
瓦亮,1
瓷实,1
甘,1
甘,1
甘之如饴,1
甘味,1
甘心,1
甘心情愿,1
甘愿,1
甘甜,1
甘美,1
甘美多汁,1
甘醇,1
甚感欢慰,1
甜,1
甜丝丝,1
甜丝丝,1
甜滋滋,1
甜滋滋,1
甜点,1
甜美,1
甜蜜,1
甜蜜蜜,1
生动,1
生动活泼,1
生意盎然,1
生机勃勃,1
生机盎然,1
生杀予夺,1
生死,1
生死不渝,1
生死攸关,1
生气勃勃,1
生猛,1
生花妙笔,1
生长完全,1
生龙活虎,1
用,1
用功,1
用得着,1
用心,1
用心良苦,1
由衷,1
甲等,1
甲级,1
申谢,1
电贺,1
畅快,1
畅达,1
畅顺,1
畏,1
留个心眼儿,1
留心,1
留心,1
留意,1
留神,1
略,1
疯魔,1
疼,1
疼惜,1
疼爱,1
痛快,1
痛痛快快,1
痴,1
痴心不改,1
痴心妄想,1
痴恋,1
痴情,1
痴迷,1
登峰造极,1
白,1
白纸黑字,1
百不一失,1
百依百顺,1
百听不厌,1
百废俱兴,1
百折不回,1
百折不挠,1
百折不挠地,1
百无一失,1
百炼成钢,1
百读不厌,1
百里挑一,1
皆大欢喜,1
皎,1
皎洁,1
皎白,1
皎皎,1
皓,1
皓月当空,1
,1
皮实,1
盈盈,1
益,1
盖了帽,1
盖帽,1
盛,1
盛大,1
盛赞,1
目光如炬,1
目光灼灼,1
目光炯炯,1
目光远大,1
目无全牛,1
盯住,1
盯紧,1
直,1
直心眼,1
直心眼儿,1
直性,1
直性子,1
直截,1
直截了当,1
直捷,1
直来直去,1
直爽,1
直率,1
直肠子,1
相中,1
相安,1
相安无事,1
相宜,1
相当,1
相当重要,1
盼,1
盼念,1
盼望,1
省事,1
省俭,1
省力,1
省心,1
省时,1
眄,1
眇,1
眉清目秀,1
眉飞色舞,1
看上,1
看上眼,1
看中,1
看在,1
看得上,1
看得上眼,1
看得起,1
看车,1
看重,1
真,1
真切,1
真实,1
真实可信,1
真心,1
真心实意,1
真心真意,1
真心诚意,1
真性,1
真挚,1
真格的,1
真正,1
真率,1
真真,1
真真切切,1
真真实实,1
真确,1
真诚,1
眩目,1
眷念,1
眷恋,1
眷爱,1
眼光远大,1
眼光锐利,1
眼尖,1
眼明手快,1
眼热,1
眼熟,1
眼疾手快,1
眼红,1
眼花缭乱,1
眼馋,1
着想,1
着眼,1
着眼于,1
着边,1
着边儿,1
着迷,1
,1
,1
睦,1
睬,1
睹物思人,1
睿,1
睿哲,1
睿智,1
瞧得上眼,1
瞧得起,1
瞩望,1
瞩目,1
矍铄,1
知书识礼,1
知书达理,1
知冷着热,1
知冷知热,1
知名,1
知情达理,1
知趣,1
知足,1
矫健,1
矫捷,1
短小精悍,1
短平快,1
石破天惊,1
破釜沉舟,1
硕学,1
硬,1
硬实,1
硬朗,1
硬棒,1
确,1
确凿,1
确凿无疑,1
确切,1
确切无疑,1
确定,1
确定不移,1
确定性,1
确实,1
确实可靠,1
确当,1
确有其事,1
确确实实,1
碍事,1
磅礴,1
磊落,1
磕头,1
示同意,1
示喜,1
示好,1
礼节性,1
礼貌,1
礼貌性,1
礼赞,1
祀,1
祈盼,1
祗,1
祝,1
祝愿,1
祝福,1
祝贺,1
祝颂,1
神,1
神勇,1
神圣,1
神圣不可侵犯,1
神奥,1
神妙,1
神工鬼斧,1
神往,1
神气,1
神通广大,1
神采奕奕,1
神采焕发,1
神采飞扬,1
神魂颠倒,1
祥,1
祥和,1
祭,1
祭奠,1
祭扫,1
祭拜,1
祭祀,1
祯,1
祺,1
福如东海,1
秀,1
秀丽,1
秀俊,1
秀外惠中,1
秀外慧中,1
秀媚,1
秀巧,1
秀异,1
秀慧,1
秀拔,1
秀挺,1
秀气,1
秀润,1
秀美,1
秀色,1
秀色可餐,1
秀逸,1
秀雅,1
秉公,1
秉持公正,1
秉正,1
秉直,1
秋毫无犯,1
科学,1
秩序井然,1
秩然不紊,1
积极,1
称,1
称叹,1
称心,1
称心如意,1
称心如愿,1
称快,1
称愿,1
称羡,1
称誉,1
称许,1
称谢,1
称赏,1
称赞,1
称身,1
称道,1
称颂,1
,1
艳,1
稀罕,1
稚弱,1
稳,1
稳健,1
稳固,1
稳如泰山,1
稳妥,1
稳定,1
稳当,1
稳态,1
稳扎稳打,1
稳步,1
稳重,1
稽首,1
穆,1
穰穰,1
究其实,1
空前,1
空前绝后,1
空灵,1
突出,1
突破性,1
窈冥,1
窈窕,1
窗明几净,1
立项,1
站得住,1
站得住脚,1
站得高，看得远,1
竟敢,1
童颜鹤发,1
竦,1
竭诚,1
端,1
端丽,1
端平,1
端庄,1
端整,1
端方,1
端正,1
端直,1
端秀,1
端端正正,1
端重,1
端雅,1
端静,1
笃,1
笃厚,1
笃学,1
笃实,1
笃诚,1
笔挺,1
笔直,1
笨鸟先飞,1
第一流,1
等内,1
筋道,1
答应,1
答礼,1
答谢,1
简,1
简便,1
简便易行,1
简单,1
简单化,1
简单明了,1
简单易行,1
简括,1
简明,1
简明扼要,1
简易,1
简朴,1
简洁,1
简略,1
简短,1
简约,1
简练,1
简要,1
管,1
管事,1
管事儿,1
管教好,1
管用,1
簇新,1
粗中有细,1
粗壮,1
粗实,1
粗放,1
粗犷,1
粗豪,1
粲,1
粲然,1
粹,1
粹白,1
粼,1
粼粼,1
精,1
精光,1
精准,1
精到,1
精制,1
精力充沛,1
精卫填海,1
精壮,1
精妙,1
精密,1
精巧,1
精干,1
精当,1
精彩,1
精彩纷呈,1
精心,1
精悍,1
精打细算,1
精明,1
精明强干,1
精深,1
精湛,1
精灵,1
精确,1
精神,1
精神十足,1
精神抖擞,1
精神焕发,1
精神百倍,1
精神矍铄,1
精神饱满,1
精粹,1
精精神神,1
精练,1
精细,1
精美,1
精致,1
精良,1
精诚,1
精辟,1
精选,1
精采,1
精雕细刻,1
糖味,1
系统,1
素朴,1
素洁,1
素雅,1
紧凑,1
紧紧,1
紧要,1
繁华,1
繁盛,1
繁花似锦,1
繁茂,1
繁荣富强,1
红,1
红得发紫,1
红旗,1
红火,1
红红火火,1
红色,1
纤尘不染,1
纤巧,1
约,1
纯,1
纯一,1
纯净,1
纯厚,1
纯挚,1
纯朴,1
纯正,1
纯洁,1
纯熟,1
纯真,1
纯种,1
纯粹,1
纲领性,1
练达,1
细,1
细密,1
细巧,1
细心,1
细润,1
细细,1
细腻,1
细致,1
细针密缕,1
细颗粒度,1
经,1
经久耐用,1
经常性,1
经心,1
经意,1
经济,1
经济宽裕,1
经用,1
经验丰富,1
结实,1
结实粗壮,1
结结实实,1
绕圈子,1
绘声绘影,1
绘声绘色,1
绘影绘声,1
给 ... 留面子,1
给脸,1
给面子,1
绚,1
绚丽,1
绚丽多姿,1
绚丽多彩,1
绚丽夺目,1
绚烂,1
绝了,1
绝佳,1
绝好,1
绝妙,1
绝色,1
统一,1
绥,1
绮,1
绮丽,1
绰约,1
绰约多姿,1
维护,1
绵和,1
绵密,1
绵甜,1
绻,1
绿色,1
缜,1
缜密,1
缠绵,1
缥,1
缩手缩脚,1
网开一面,1
美,1
美,1
美不胜收,1
美丽,1
美味,1
美味可口,1
美妙,1
美滋滋,1
美满,1
美观,1
美言,1
美貌,1
美轮美奂,1
羡,1
羡慕,1
群威群胆,1
群言堂,1
翊戴,1
翔实,1
翕,1
翕然,1
翘企,1
翘望,1
翘盼,1
翩然,1
翩翩,1
翩若惊鸿,1
翩跹,1
翻天覆地,1
耀,1
耀眼,1
老于世故,1
老到,1
老实,1
老当益壮,1
老成,1
老成练达,1
老牌,1
老练,1
老老实实,1
老而弥坚,1
老诚,1
老谋深算,1
老辣,1
老马识途,1
考究,1
考究,1
耐久,1
耐人寻味,1
耐用,1
耐穿,1
耳熟,1
耳熟能详,1
耳聪目明,1
耳闻目睹,1
耿,1
耿介,1
耿介不阿,1
耿直,1
耿耿,1
聚焦,1
聚精会神,1
聪悟,1
聪慧,1
聪敏,1
聪明,1
聪明伶俐,1
聪明绝顶,1
聪明过人,1
聪颖,1
肃然,1
肃穆,1
肃静,1
肉墩墩,1
肜,1
肝胆过人,1
肥,1
肥沃,1
肥美,1
肫,1
肯,1
肯于,1
肯定,1
肯定,1
肯干,1
胆大,1
胆敢,1
胜,1
胪,1
胸怀坦白,1
胸怀坦荡,1
能,1
能动,1
能干,1
脆,1
脆亮,1
脆响,1
脆生,1
脆美,1
脉脉,1
脉脉含情,1
脍炙人口,1
脚踏实地,1
脱俗,1
腴,1
腻,1
膀大腰圆,1
膀阔腰圆,1
膂力过人,1
膏腴,1
膜拜,1
臧,1
自不待言,1
自动,1
自卑,1
自告奋勇,1
自在,1
自如,1
自尊,1
自得,1
自得其乐,1
自愿,1
自愿,1
自明,1
自来熟,1
自满,1
自然,1
自由,1
自由主义,1
自由自在,1
自行,1
自觉自愿,1
自认,1
自足,1
自鸣得意,1
至上,1
至关紧要,1
至关重大,1
至关重要,1
至尊,1
至尊至贵,1
至深,1
至诚,1
至高无上,1
致密,1
致敬,1
致谢,1
致贺,1
舒,1
舒坦,1
舒坦,1
舒心,1
舒快,1
舒服,1
舒服,1
舒松,1
舒爽,1
舒畅,1
舒畅,1
舒缓,1
舒舒服服,1
舒适,1
艮,1
良,1
良善,1
良好,1
良性,1
艳,1
艳丽,1
艳冶,1
艳羡,1
艺术,1
艾,1
节俭,1
节省,1
节约,1
节节,1
MM,1
芊,1
芊眠,1
芊绵,1
芊芊,1
芜,1
芬芳,1
芬芳袭人,1
芬芳馥郁,1
芬香,1
花,1
花哨,1
花团锦簇,1
花好月圆,1
花容月貌,1
花容玉貌,1
花枝招展,1
花样翻新,1
花气袭人,1
花繁叶茂,1
花香鸟语,1
芳,1
芳香,1
芾,1
苍郁,1
苒,1
苞,1
苦,1
苦口婆心,1
苦心,1
苦心孤诣,1
苦苦,1
英俊,1
英勇,1
英姿飒爽,1
英明,1
英武,1
英烈,1
茁,1
茁壮,1
茂,1
茂密,1
茂盛,1
茌,1
茏,1
茏葱,1
茵茵,1
荟,1
荣,1
荣幸,1
荦,1
荦荦,1
荦荦大者,1
荧,1
荧荧,1
荩,1
药到病除,1
莫测高深,1
莹,1
莹白,1
莹莹,1
莺声燕语,1
莽莽,1
菀,1
菁,1
菁菁,1
菲,1
菲菲,1
萋,1
萋萋,1
萦念,1
萧洒,1
落拓不羁,1
落落大方,1
著,1
著名,1
著称,1
葱茂,1
葱茏,1
葱葱,1
葱郁,1
蓁,1
蓊,1
蓊郁,1
蓬勃,1
蓬勃向上,1
蓬茸,1
蓬蓬勃勃,1
蔚,1
蔫不出溜,1
蔫不唧儿,1
蔫不声,1
蔫不悄儿,1
蔫不溜,1
蔼,1
蔼如,1
蔼然,1
蔼然可亲,1
蔼蔼,1
蕃,1
蕃茂,1
蕻,1
虎背熊腰,1
虎虎生气,1
虔,1
虔心,1
虔敬,1
虔诚,1
虚己,1
虚心,1
虚怀若谷,1
蜜,1
融和,1
融洽,1
融融,1
融融,1
血气方刚,1
行,1
行之有效,1
行云流水,1
行得通,1
行时,1
行礼,1
衣冠楚楚,1
补台,1
表彰,1
表扬,1
表观,1
表里一致,1
表里如一,1
衷心,1
袅,1
袅娜,1
袅袅婷婷,1
装备完善,1
裒,1
裣衽,1
褒,1
褒奖,1
褒扬,1
要,1
要,1
要害,1
要强,1
要死要活,1
要紧,1
要言不烦,1
见义勇为,1
见多识广,1
见微知萌,1
见微知著,1
见所未见,1
见机,1
见爱,1
规范,1
觊,1
觊觎,1
觥筹交错,1
言之成理,1
言之有理,1
言必有中,1
言简意赅,1
言语流利,1
誉,1
謇,1
警,1
认,1
认了,1
认可,1
认命,1
认真,1
认认真真,1
训练有素,1
训练良好,1
记实,1
记挂,1
讲,1
讲求,1
讲理,1
讲礼貌,1
讲究,1
讲究,1
讴歌,1
许,1
许可,1
论功行赏,1
设备齐全,1
评价颇高,1
识趣,1
诙谐,1
诚,1
诚实,1
诚心,1
诚心诚意,1
诚恳,1
诚挚,1
诚朴,1
诚笃,1
详,1
详备,1
详实,1
详密,1
详尽,1
详悉,1
详明,1
详细,1
详详细细,1
语重心长,1
诱人,1
说一不二,1
说好,1
说好话,1
说妥,1
说得通,1
说白了,1
说项,1
调和,1
调谐,1
谆,1
谆谆,1
谈吐不俗,1
谈言微中,1
谐,1
谐和,1
谐调,1
谐趣横生,1
谒,1
谙练,1
谠,1
谢,1
谢天谢地,1
谢谢,1
谦,1
谦卑,1
谦和,1
谦恭,1
谦虚,1
谦虚谨慎,1
谦诚,1
谦逊,1
谦顺,1
谧,1
谧静,1
谨,1
谨严,1
谨慎,1
谨言慎行,1
谨饬,1
谬奖,1
豁,1
豁亮,1
豁朗,1
豁然,1
豁达,1
豁达大度,1
豆腐心,1
象话,1
豪,1
豪华,1
豪华型,1
豪壮,1
豪宕,1
豪情满怀,1
豪放,1
豪放不羁,1
豪爽,1
豪迈,1
贞,1
负责,1
财大气粗,1
贤,1
贤惠,1
贤慧,1
贤明,1
贤达,1
货真价实,1
质优,1
质朴,1
质朴无华,1
质量好,1
贪,1
贪图,1
贪恋,1
贯注,1
贱,1
贱价,1
贴切,1
贴边儿,1
贴题,1
贵,1
贵重,1
费心,1
贺,1
资深,1
赅博,1
赏,1
赏心悦目,1
赏罚严明,1
赏罚分明,1
赏识,1
赏赉,1
赞,1
赞佩,1
赞叹,1
赞同,1
赞慕,1
赞成,1
赞扬,1
赞服,1
赞美,1
赞羡,1
赞誉,1
赞许,1
赞赏,1
赞颂,1
赤,1
赤心,1
赤忱,1
赤胆,1
赤胆忠心,1
赤色,1
赤裸,1
赤裸裸,1
赤诚,1
赫,1
赫然,1
赫赫,1
赫赫有名,1
赳赳,1
起敬,1
起眼儿,1
超俗,1
超俗绝世,1
超凡入圣,1
超凡脱俗,1
超卓,1
超尘拔俗,1
超拔,1
超等,1
超级,1
超绝,1
超群,1
超群绝伦,1
超逸,1
趣,1
趣味盎然,1
足智多谋,1
足月,1
足色,1
望,1
跃跃欲试,1
跌宕,1
跌荡,1
跟脚,1
跪叩,1
跪拜,1
路不拾遗,1
路人皆知,1
跹,1
踊跃,1
踌躇满志,1
踏实,1
踏踏实实,1
身体结实,1
身强体壮,1
身强力壮,1
身心健康,1
身手不凡,1
车水马龙,1
轩昂,1
轩然,1
轫,1
软,1
软心肠,1
轻,1
轻健,1
轻巧,1
轻快,1
轻快,1
轻悄悄,1
轻悠悠,1
轻手轻脚,1
轻捷,1
轻易,1
轻松,1
轻柔,1
轻灵,1
轻盈,1
轻而易举,1
轻薄透明,1
轻车熟路,1
轻轻,1
轻轻地,1
轻轻松松,1
较真,1
较真儿,1
辉煌,1
辛勤,1
辟,1
辩证,1
达,1
达观,1
过,1
过奖,1
过得硬,1
过硬,1
过细,1
过誉,1
过谦,1
过问,1
迎,1
迎候,1
迎刃而解,1
迎接,1
迎来,1
迎迓,1
近便,1
迓,1
还礼,1
进步,1
远大,1
迫切需要,1
迷,1
迷上,1
迷人,1
迷恋,1
送往迎来,1
适,1
适口,1
适宜,1
适度,1
适当,1
适意,1
适用,1
适逢其会,1
逊,1
逍遥,1
逍遥自在,1
透亮,1
透彻,1
透明,1
透辟,1
逗,1
逗人,1
通,1
通亮,1
通俗,1
通俗易懂,1
通天,1
通情达理,1
通明,1
通明透亮,1
通权达变,1
通畅,1
通融,1
通达,1
通过,1
通透,1
通顺,1
速效,1
逸乐,1
逼真,1
遂心,1
遂意,1
遐迩闻名,1
道不拾遗,1
道地,1
道谢,1
道贺,1
道道地地,1
邃,1
郁,1
郁郁,1
郁郁苍苍,1
郁郁葱葱,1
郑重,1
郑重其事,1
部优,1
配得上,1
酣畅,1
酬谢,1
酷,1
酷好,1
酷爱,1
酹,1
醇,1
醇厚,1
醇和,1
醇朴,1
醇浓,1
醇美,1
醇香,1
醉心,1
^,1
醋意大发,1
醍醐灌顶,1
醒目,1
醒眼,1
醒豁,1
采纳,1
释放善意,1
重,1
重,1
重在,1
重大,1
重点,1
重要,1
重视,1
野心勃勃,1
金不换,1
金城汤池,1
金壁辉煌,1
金晃晃,1
金灿灿,1
金玉,1
金玉满堂,1
金碧辉煌,1
金贵,1
金闪闪,1
金风送爽,1
鑫,1
钐,1
钟,1
钟情,1
钟爱,1
钢铁,1
钦,1
钦佩,1
钧,1
铁,1
铁定,1
铁心,1
铁打,1
铁杵磨成针,1
铁案如山,1
铁铮铮,1
铁面无私,1
铁骨铮铮,1
铮,1
铮亮,1
铮铮,1
铮铮铁骨,1
铿锵,1
销魂,1
锃,1
锃亮,1
锃光瓦亮,1
锋利,1
锋快,1
锐,1
锐利,1
锐意,1
锐敏,1
锖,1
错落有致,1
锣鼓喧天,1
锦,1
锦簇花团,1
锦绣,1
锬,1
锲而不舍,1
锺,1
长,1
长治久安,1
闪亮,1
闪闪,1
闭月羞花,1
问心无愧,1
闲雅,1
闳,1
闻名,1
闻达,1
闻过则喜,1
阒,1
阒寂,1
阒然,1
阔,1
阗,1
阳,1
阳刚,1
阳性,1
阴翳,1
陋,1
险固,1
陶,1
陶然,1
陶醉,1
陶陶,1
隆,1
隆重,1
随便,1
随和,1
随宜,1
随心,1
随手,1
随遇而安,1
隽永,1
难能可贵,1
雄,1
雄伟,1
雄健,1
雄壮,1
雄姿英发,1
雄峻,1
雄心勃勃,1
雄赳赳,1
雅,1
雅俗共赏,1
雅正,1
雅致,1
雅观,1
雅静,1
集中,1
集注,1
雍和,1
雍容,1
雍容华贵,1
雩,1
雪亮,1
雷打不动,1
需,1
需要,1
霁月光风,1
震古烁今,1
震天动地,1
震撼人心,1
露骨,1
靓,1
靓丽,1
靖,1
静,1
静寂,1
静幽幽,1
静态,1
静悄,1
静悄悄,1
静穆,1
静谧,1
非同小可,1
非常热心,1
非常耐久,1
靠得住,1
面善,1
面有喜色,1
面熟,1
革命,1
革命性,1
鞠躬,1
鞭辟入里,1
鞭辟近里,1
韧,1
韪,1
音调优美,1
韶,1
韶秀,1
,1
顶事,1
顶刮刮,1
顶呱呱,1
顶天立地,1
顶尖,1
顶数,1
顶用,1
顶礼,1
顶礼膜拜,1
顶级,1
顺,1
顺利,1
顺势,1
顺口,1
顺当,1
顺手,1
顺理成章,1
顺畅,1
顺眼,1
顺耳,1
顺顺当当,1
顽强,1
顽石点头,1
顾,1
顾全,1
顾及,1
顾惜,1
顾盼自雄,1
颂,1
颂扬,1
颂赞,1
领情,1
颇为重要,1
颖,1
颖悟,1
颖慧,1
额手称庆,1
风光,1
风光如画,1
风光旖旎,1
风华正茂,1
风发,1
风姿绰约,1
风平浪静,1
风度翩翩,1
风景如画,1
风流,1
风流倜傥,1
风行,1
风起云涌,1
风趣,1
风雅,1
风雨无阻,1
风靡,1
风风光光,1
风风火火,1
飒爽,1
飒爽英姿,1
飘洒,1
飘逸,1
飘飘欲仙,1
飘飘然,1
飞快,1
饫,1
饱学,1
饶,1
饶富,1
饶有余韵,1
饶有兴味,1
饶有兴致,1
饶有兴趣,1
饶有风趣,1
饶沃,1
饶爽,1
馋,1
馐,1
首屈一指,1
首肯,1
首要,1
香,1
香喷喷,1
香甜,1
香甜可口,1
香纯,1
香醇,1
香馥馥,1
馥郁,1
馥馥,1
驯,1
驯善,1
驯服,1
驯良,1
驯顺,1
驰名,1
驰念,1
驰思,1
驰誉,1
驾轻就熟,1
骁,1
骁勇,1
骁悍,1
骋怀,1
骠,1
骠勇,1
骨鲠,1
髀肉复生,1
高,1
高人一等,1
高兴,1
高大,1
高妙,1
高姿态,1
高尚,1
高层,1
高屋建瓴,1
高山仰止,1
高山流水,1
高强,1
高强度,1
高性能,1
高效,1
高效益,1
高效能,1
高新,1
高明,1
高标准,1
高标号,1
高档,1
高档化,1
高洁,1
高深,1
高深莫测,1
高看,1
高瞻远瞩,1
高端,1
高等,1
高等级,1
高精尖,1
高精度,1
高级,1
高级化,1
高纯,1
高质量,1
高贵,1
高超,1
高雅,1
高雅简朴,1
高风亮节,1
高风峻节,1
高高手儿,1
鬼,1
鬼斧神工,1
鬼迷心窍,1
魂牵梦系,1
魂牵梦萦,1
魅人,1
鲜,1
鲜亮,1
鲜明,1
鲜活,1
鲜美,1
鲠直,1
鸟语花香,1
鸡犬不惊,1
鸣谢,1
鸦雀无声,1
鸾凤和鸣,1
鸿,1
鹄望,1
鹤发童颜,1
鹤立鸡群,1
麻利,1
麻麻亮,1
黄熟,1
黑白分明,1
默认,1
默许,1
鼎鼎大名,1
鼓舞人心,1
齐,1
齐全,1
齐刷刷,1
齐备,1
齐整,1
齐楚,1
龙腾虎跃,1
龙飞凤舞,1
一不小心,-1
一仍旧贯,-1
一偏,-1
一发千钧,-1
一团乱麻,-1
一团漆黑,-1
一团糟,-1
一场空,-1
一塌糊涂,-1
一怒之下,-1
一怔,-1
一成不变,-1
一手遮天,-1
一把死拿,-1
一掷千金,-1
一文不值,-1
一文不名,-1
一无可取,-1
一无所有,-1
一无所长,-1
一无是处,-1
一暴十寒,-1
一毛不拔,-1
一气之下,-1
一波三折,-1
一窝蜂,-1
一脸横肉,-1
一脸稚气,-1
一触即溃,-1
一言堂,-1
一贫如洗,-1
一钱不值,-1
一锅粥,-1
七窍生烟,-1
七零八落,-1
万念俱灰,-1
万恶,-1
万箭穿心,-1
万花筒似,-1
万难,-1
万马齐喑,-1
三天打鱼两天晒网,-1
三心二意,-1
下,-1
下三滥,-1
下三烂,-1
下不了台,-1
下不来台,-1
下乘,-1
下作,-1
下品,-1
下流,-1
下等,-1
下贱,-1
下道儿,-1
不一致,-1
不三不四,-1
不中用,-1
不为人知,-1
不人道,-1
不仁,-1
不仁不义,-1
不以为然,-1
不伦不类,-1
不体面,-1
不便,-1
不俭省,-1
不修边幅,-1
不值一文,-1
不值得羡慕,-1
不健康,-1
不像话,-1
不光彩,-1
不光明,-1
不公,-1
不公正,-1
不共戴天,-1
不关痛痒,-1
不兴,-1
不冷不热,-1
不分皂白,-1
不分青红皂白,-1
不切实际,-1
不划算,-1
不利,-1
不利于健康,-1
不到黄河心不死,-1
不力,-1
不努力,-1
不协调,-1
不卫生,-1
不友善,-1
不友好,-1
不发达,-1
不受欢迎,-1
不可一世,-1
不可告人,-1
不可容忍,-1
不可恢复,-1
不可挽回,-1
不可接受,-1
不可收拾,-1
不可救药,-1
不可更新,-1
不可爱,-1
不可理喻,-1
不可行,-1
不可补救,-1
不可读,-1
不可逆转,-1
不可逾越,-1
不可降解,-1
不合宜,-1
不合情理,-1
不合时令,-1
不合时宜,-1
不合格,-1
不合法,-1
不合理,-1
不合算,-1
不合语法,-1
不合适,-1
不合逻辑,-1
不同意,-1
不名一文,-1
不名誉,-1
不周,-1
不周到,-1
不和,-1
不和蔼,-1
不和谐,-1
不善,-1
不善交谈,-1
不善交际,-1
不均匀,-1
不堪一击,-1
不堪入目,-1
不堪入耳,-1
不堪设想,-1
不堪造就,-1
不够完善,-1
不够意思,-1
不够格,-1
不大重要,-1
不好使,-1
不好卖,-1
不好吃,-1
不好听,-1
不好客,-1
不好意思,-1
不好用,-1
不好看,-1
不好过,-1
不妙,-1
不妥,-1
不孝,-1
不学无术,-1
不宁,-1
不宜,-1
不宜居住,-1
不宜说出口,-1
不客气,-1
不容,-1
不宽容,-1
不寒而栗,-1
不对,-1
不对付,-1
不对劲,-1
不对头,-1
不对称,-1
不对茬儿,-1
不尽,-1
不尽如人意,-1
不屑,-1
不屑一顾,-1
不屑于,-1
不巧,-1
不干不净,-1
不平,-1
不平,-1
不平等,-1
不平衡,-1
不幸,-1
不开化,-1
不当,-1
不待见,-1
不得了,-1
不得体,-1
不得劲,-1
不得当,-1
不忠,-1
不忠诚,-1
不快,-1
不念旧恶,-1
不悦,-1
不愿,-1
不愿意,-1
不慎,-1
不成体统,-1
不成功,-1
不成器,-1
不成材,-1
不成样子,-1
不成熟,-1
不成话,-1
不才,-1
不打紧,-1
不择手段,-1
不敬,-1
不文明,-1
不文雅,-1
不方便,-1
不明不白,-1
不明显,-1
不明智,-1
不易,-1
不是味儿,-1
不是味儿,-1
不是滋味,-1
不是滋味儿,-1
不是滋味儿,-1
不显眼,-1
不更事,-1
不正常,-1
不正当,-1
不正派,-1
不正直,-1
不死心,-1
不民主,-1
不法,-1
不注意,-1
不洁,-1
不流行,-1
不济,-1
不济事,-1
不消化,-1
不清不楚,-1
不清不白,-1
不清楚,-1
不清洁,-1
不满,-1
不满意,-1
不满足,-1
不灵巧,-1
不灵敏,-1
不熟练,-1
不爱交际,-1
不爽,-1
不现实,-1
不理智,-1
不甘,-1
不甘心,-1
不甚重要,-1
不疼不痒,-1
不痛不痒,-1
不登大雅之堂,-1
不相适应,-1
不真实,-1
不真诚,-1
不着调,-1
不着边际,-1
不确切,-1
不礼貌,-1
不祥,-1
不科学,-1
不稂不莠,-1
不稳定,-1
不端,-1
不等,-1
不管三七二十一,-1
不管用,-1
不精确,-1
不绝如缕,-1
不羁,-1
不美观,-1
不肖,-1
不胜,-1
不能容忍,-1
不能解救,-1
不良,-1
不落忍,-1
不虔诚,-1
不行,-1
不要紧,-1
不规则,-1
不详,-1
不详尽,-1
不谨慎,-1
不贞洁,-1
不负责任,-1
不赞同,-1
不赞成,-1
不起眼,-1
不起眼儿,-1
不足为外人道,-1
不足为训,-1
不足取,-1
不足挂齿,-1
不足轻重,-1
不足道,-1
不轨,-1
不辨菽麦,-1
不过意,-1
不近人情,-1
不近情理,-1
不适于居住,-1
不适宜,-1
不适应,-1
不适当,-1
不逊,-1
不透明,-1
不透气,-1
不道德,-1
不郎不秀,-1
不重要,-1
不问三七二十一,-1
不问是非情由,-1
不问青红皂白,-1
不闻不问,-1
不雅,-1
不雅致,-1
不雅观,-1
不顾,-1
与世无争,-1
与世隔绝,-1
与虎谋皮,-1
丑,-1
丑恶,-1
丑陋,-1
专制,-1
专横,-1
专横跋扈,-1
世俗,-1
世态炎凉,-1
世情冷暖,-1
世故,-1
东倒西歪,-1
丢三落四,-1
丢脸,-1
丢魂,-1
两难,-1
两面三刀,-1
两面光,-1
严,-1
严冷,-1
严加,-1
严厉,-1
严峻,-1
严肃,-1
严苛,-1
严酷,-1
严重,-1
丧尽天良,-1
丧心病狂,-1
丧志,-1
丧气,-1
丧胆,-1
丧魂落魄,-1
串秧儿,-1
为人作嫁,-1
为人作嫁衣裳,-1
为所欲为,-1
为难,-1
主观,-1
主观上,-1
举棋不定,-1
义愤,-1
义愤填膺,-1
义正词严,-1
乌七八糟,-1
乌压压,-1
乌托邦,-1
乌沉沉,-1
乌洞洞,-1
乌涂,-1
乌漆墨黑,-1
乌灯黑火,-1
乌烟瘴气,-1
乏,-1
乏味,-1
乖僻,-1
乖剌,-1
乖张,-1
乖戾,-1
乖谬,-1
书生气,-1
乱,-1
乱,-1
乱七八糟,-1
乱乎,-1
乱乱哄哄,-1
乱了方寸,-1
乱了营,-1
乱哄哄,-1
乱嘈嘈,-1
乱套,-1
乱成一团,-1
乱杂,-1
乱烘烘,-1
乱真,-1
乱糟糟,-1
乱纷纷,-1
乱腾,-1
乱腾腾,-1
乱蓬蓬,-1
乱虐并生,-1
乳臭未干,-1
了不得,-1
了不起,-1
二五眼,-1
二手,-1
二把刀,-1
于事无补,-1
于心有愧,-1
亏心,-1
云谲波诡,-1
云遮雾障,-1
亚,-1
亢,-1
享乐,-1
亮红灯,-1
亵,-1
人不为己，天诛地灭,-1
人不知，鬼不觉,-1
人为财死，鸟为食亡,-1
人声嘈杂,-1
人声鼎沸,-1
人头攒动,-1
人身攻击,-1
什,-1
什锦,-1
仇恨,-1
仇视,-1
介怀,-1
介意,-1
从严,-1
从动,-1
从心所欲,-1
从重,-1
仓皇失措,-1
付之一笑,-1
令人不安,-1
令人作呕,-1
令人厌倦,-1
令人厌恶,-1
令人发指,-1
令人困倦,-1
令人寒心,-1
令人恶心,-1
令人恼火,-1
令人折断腰,-1
令人敬畏,-1
令人毛骨悚然,-1
令人生厌,-1
令人生气,-1
令人疲倦,-1
令人窒息,-1
令人讨厌,-1
令人费解,-1
令人遗憾,-1
令人齿冷,-1
以怨报德,-1
价格不菲,-1
价格高昂,-1
价高,-1
任纵,-1
任重道远,-1
众叛亲离,-1
优柔,-1
优柔寡断,-1
会来事,-1
伤,-1
伤天害理,-1
伤心,-1
伤心惨目,-1
伤怀,-1
伤悲,-1
伤神,-1
伤脑筋,-1
伤风败俗,-1
伧,-1
伧俗,-1
伪,-1
伪善,-1
伪造,-1
伶仃,-1
似,-1
似乎,-1
似是而非,-1
低,-1
低三下四,-1
低下,-1
低人一等,-1
低俗,-1
低值,-1
低劣,-1
低卑,-1
低声下气,-1
低层,-1
低效,-1
低效能,-1
低智,-1
低标准,-1
低档,-1
低沉,-1
低端,-1
低等,-1
低级,-1
低能,-1
低落,-1
低质,-1
低贱,-1
低迷,-1
体力不支,-1
体弱,-1
体念,-1
体恤,-1
体惜,-1
体衰,-1
体谅,-1
余剩,-1
作势,-1
作色,-1
作难,-1
你死我活,-1
佶屈聱牙,-1
佻,-1
使不得,-1
使人疲劳,-1
使性子,-1
侈,-1
侈糜,-1
侈靡,-1
侉,-1
依稀,-1
依违,-1
侥,-1
促狭,-1
俗,-1
俗气,-1
俚,-1
俚俗,-1
保守,-1
保残守缺,-1
倒胃口,-1
倔,-1
倔头倔脑,-1
倔强,-1
倔犟,-1
倚老卖老,-1
倜然,-1
借古讽今,-1
倥,-1
倥,-1
倥侗,-1
倥偬,-1
倨,-1
倨傲,-1
倾斜,-1
假,-1
假仁假义,-1
假冒,-1
假想,-1
假惺惺,-1
假意,-1
假模假式,-1
假正经,-1
假装神圣,-1
假造,-1
偏,-1
偏听偏信,-1
偏废,-1
偏心,-1
偏心眼,-1
偏斜,-1
偏激,-1
偏狭,-1
偏颇,-1
做作,-1
做贼心虚,-1
偷,-1
偷偷,-1
偷偷摸摸,-1
偷工减料,-1
傅会,-1
,-1
傥,-1
傲,-1
傲岸,-1
傲慢,-1
傲视,-1
傻,-1
傻乎乎,-1
傻呵呵,-1
傻头傻脑,-1
傻眼,-1
傻里傻气,-1
傻里瓜唧,-1
G,-1
僭,-1
僵,-1
僵化,-1
僵硬,-1
僻,-1
僻静,-1
儇,-1
兀突,-1
充满危机,-1
光怪陆离,-1
光火,-1
兔子不吃窝边草,-1
兔子尾巴长不了,-1
兔死狐悲,-1
兔死狗烹,-1
八面玲珑,-1
六亲不认,-1
其貌不扬,-1
内疚,-1
冒,-1
冒失,-1
冒有风险,-1
冒火,-1
冒牌,-1
冒险,-1
冗,-1
冗余,-1
冗赘,-1
冗长,-1
冥,-1
冥冥,-1
冥顽,-1
冥顽不化,-1
冥顽不灵,-1
冬烘,-1
冰冷,-1
冰炭不相容,-1
冲昏头脑,-1
冷,-1
冷冰冰,-1
冷冷,-1
冷冷清清,-1
冷厉,-1
冷嘲热讽,-1
冷噤,-1
冷峭,-1
冷峻,-1
冷淡,-1
冷淡,-1
冷清,-1
冷清清,-1
冷漠,-1
冷若冰霜,-1
冷落,-1
冷血,-1
冷酷,-1
冷酷无情,-1
冷销,-1
冷门,-1
净余,-1
凄,-1
凄冷,-1
凄凉,-1
凄切,-1
凄厉,-1
凄婉,-1
凄寂,-1
凄寒,-1
凄怆,-1
凄怨,-1
凄恻,-1
凄惨,-1
凄惶,-1
凄楚,-1
凄然,-1
凄苦,-1
凄迷,-1
凄酸,-1
凉,-1
凋敝,-1
凌乱,-1
凌杂,-1
凛,-1
凛凛,-1
凛然,-1
凝滞,-1
凭白无故,-1
凭空,-1
凶,-1
凶巴巴,-1
凶恶,-1
凶悍,-1
凶戾,-1
凶暴,-1
凶横,-1
凶残,-1
凶毒,-1
凶煞,-1
凶狂,-1
凶狠,-1
凶猛,-1
凶蛮,-1
凶险,-1
凶顽,-1
凹凸,-1
凹凸不平,-1
出手阔气,-1
出气,-1
出神,-1
凿死理儿,-1
凿空,-1
刀光剑影,-1
刁,-1
刁恶,-1
刁悍,-1
刁滑,-1
刁蛮,-1
刁赖,-1
刁钻,-1
刁钻古怪,-1
切齿,-1
切齿痛恨,-1
刍,-1
刚愎,-1
刚愎自用,-1
初出茅庐,-1
利令智昏,-1
利已,-1
利欲熏心,-1
别别扭扭,-1
别扭,-1
别有用心,-1
刺打,-1
刺眼,-1
刺耳,-1
刺鼻,-1
刻板,-1
刻毒,-1
刻舟求剑,-1
刻薄,-1
剌,-1
剌戾,-1
前呼后拥,-1
剑拔弩张,-1
剧毒,-1
剩余,-1
剽悍,-1
劣,-1
劣中之劣,-1
劣等,-1
劣质,-1
动作迟顿,-1
动怒,-1
动摇,-1
动气,-1
动火,-1
动肝火,-1
动荡,-1
动荡不安,-1
动魄惊心,-1
劳神,-1
劳而无功,-1
势不两立,-1
势利,-1
势利眼,-1
势成骑虎,-1
勃然大怒,-1
勉勉强强,-1
勉强,-1
勾心斗角,-1
包容,-1
包涵,-1
区区,-1
匿名,-1
十室九空,-1
十恶不赦,-1
千变万化,-1
千疮百孔,-1
千篇一律,-1
千金一掷,-1
千钧一发,-1
半信半疑,-1
半半拉拉,-1
半新不旧,-1
半真半假,-1
半路出家,-1
华,-1
华而不实,-1
卑,-1
卑下,-1
卑俗,-1
卑劣,-1
卑微,-1
卑怯,-1
卑污,-1
卑猥,-1
卑琐,-1
卑贱,-1
卑鄙,-1
卑鄙无耻,-1
卑陋,-1
单,-1
单弱,-1
单薄,-1
单调,-1
单调枯燥,-1
卖不动,-1
卖不掉,-1
卮,-1
危亡,-1
危在旦夕,-1
危如累卵,-1
危急,-1
危机四伏,-1
危机重重,-1
危殆,-1
危险,-1
卸磨杀驴,-1
厉,-1
厉声,-1
厉害,-1
厌,-1
厌倦,-1
厌弃,-1
厌恨,-1
厌恶,-1
厌气,-1
厌烦,-1
厌腻,-1
厝火积薪,-1
原,-1
原始,-1
原宥,-1
原谅,-1
反,-1
反反复复,-1
反叛,-1
反唇相讥,-1
反复无常,-1
反对称,-1
反常,-1
反感,-1
反社会,-1
反面,-1
发作,-1
发呆,-1
发怒,-1
发怔,-1
发急,-1
发怵,-1
发愁,-1
发愣,-1
发憷,-1
发指,-1
发毛,-1
发火,-1
发牢骚,-1
发狂,-1
发狠,-1
发育不全,-1
发脾气,-1
发腻,-1
发飙,-1
受窘,-1
变化万千,-1
变化不定,-1
变化多端,-1
变化无常,-1
变化无穷,-1
变幻不定,-1
变幻无常,-1
变幻莫测,-1
变心,-1
变态,-1
变相,-1
变脸,-1
变色,-1
口头上,-1
口是心非,-1
口蜜腹剑,-1
口诛笔伐,-1
古怪,-1
古旧,-1
古里古怪,-1
只听楼梯响，不见人下来,-1
只顾自身利益,-1
叫嚣,-1
叫苦,-1
叫苦不迭,-1
叫苦连天,-1
叫骂,-1
可叹,-1
可怕,-1
可怖,-1
可怜,-1
可怜,-1
可恨,-1
可恶,-1
可悲,-1
可惊,-1
可惜,-1
可憎,-1
可有可无,-1
可耻,-1
可鄙,-1
可骇,-1
叱,-1
叱责,-1
叱骂,-1
叶公好龙,-1
吃不准,-1
吃不开,-1
吃力,-1
吃劲,-1
吃后悔药,-1
吃重,-1
吃错药,-1
吆三喝四,-1
吆五喝六,-1
吊儿郎当,-1
同情,-1
同病相怜,-1
名不副实,-1
名义,-1
名义上,-1
名誉扫地,-1
名过其实,-1
后怕,-1
后悔,-1
后悔莫及,-1
后患无穷,-1
后进,-1
后顾之忧,-1
向 ... 问罪,-1
向上倾斜,-1
向下倾斜,-1
向隅,-1
向隅而泣,-1
吓人,-1
吝,-1
吝啬,-1
否,-1
否定,-1
含含混混,-1
含含糊糊,-1
含怒,-1
含怨,-1
含恨,-1
含悲,-1
含愤,-1
含沙射影,-1
含混,-1
含混不清,-1
含糊,-1
含糊不清,-1
含糊其词,-1
含糊其辞,-1
含羞,-1
含蓄,-1
听天由命,-1
吵人,-1
吵吵闹闹,-1
吹胡子瞪眼,-1
呆,-1
呆,-1
呆住,-1
呆傻,-1
呆呆,-1
呆头呆脑,-1
呆怔,-1
呆愣愣,-1
呆板,-1
呆气,-1
呆滞,-1
呆痴,-1
呆笨,-1
呆若木鸡,-1
呆钝,-1
周恤,-1
呲,-1
味同嚼蜡,-1
味道不好,-1
呵,-1
呵叱,-1
呵斥,-1
呵责,-1
呼幺喝六,-1
命苦,-1
咄咄逼人,-1
咋舌,-1
咒,-1
咒诅,-1
咒骂,-1
哀,-1
哀伤,-1
哀凄,-1
哀切,-1
哀哀切切,-1
哀怜,-1
哀怨,-1
哀恸,-1
哀悯,-1
哀愁,-1
哀戚,-1
哀痛,-1
哀痛欲绝,-1
哀矜,-1
哀鸿遍野,-1
品头论足,-1
哄然,-1
哈喇,-1
哓,-1
哗然,-1
哙,-1
哝,-1
哩哩啦啦,-1
哩哩罗罗,-1
哩溜歪斜,-1
哭丧着脸,-1
哭笑不得,-1
唐突,-1
唯利是图,-1
唯恐,-1
唯我独尊,-1
唾骂,-1
啧有烦言,-1
啬,-1
啬刻,-1
唆,-1
唆唆,-1
嗦嗦,-1
嗦,-1
里唆,-1
里嗦,-1
啷,-1
啼笑皆非,-1
喜新厌旧,-1
喝叱,-1
喝斥,-1
喧,-1
喧噪,-1
喧嚣,-1
喧天,-1
喧杂,-1
嗓子不好,-1
嗔,-1
嗔怒,-1
嗔怪,-1
嗔斥,-1
嗜杀成性,-1
嗜血,-1
嗜血成性,-1
嗤之以鼻,-1
嗲,-1
嗲声嗲气,-1
嘀咕,-1
嘀里嘟噜,-1
嘈,-1
嘈杂,-1
嘎,-1
嘘,-1
嘲谑,-1
嘲骂,-1
嘴尖,-1
噍,-1
噩,-1
,-1
嚣张,-1
嚣杂,-1
囊中羞涩,-1
囊空如洗,-1
囚首垢面,-1
四大皆空,-1
四面楚歌,-1
回头,-1
因循守旧,-1
困人,-1
困窘,-1
困窘,-1
困苦,-1
困迫,-1
困难,-1
困难重重,-1
困顿,-1
固定不变,-1
固执,-1
圆,-1
圆滑,-1
土,-1
土俗,-1
土头土脑,-1
土得掉渣,-1
土气,-1
土里土气,-1
在乎,-1
在困难中,-1
地下,-1
地位低下,-1
地狱般,-1
坎坷,-1
坎坷不平,-1
坏,-1
坏人当道,-1
坏情,-1
坏脾气,-1
坐井观天,-1
坐而论道,-1
坑坑洼洼,-1
坑洼,-1
坑洼不平,-1
坡,-1
垂头丧气,-1
垂怜,-1
垢,-1
埋怨,-1
埋汰,-1
埋汰,-1
埋没,-1
堙,-1
堵,-1
堵得慌,-1
堵心,-1
墨,-1
声名狼藉,-1
声色俱厉,-1
声讨,-1
复,-1
复合,-1
复合型,-1
复合式,-1
复杂,-1
复杂多变,-1
外行,-1
外面儿光,-1
多义,-1
多事,-1
多余,-1
多变,-1
多有微词,-1
多病,-1
多虑,-1
夜郎自大,-1
够呛,-1
够戗,-1
大,-1
大动肝火,-1
大发雷霆,-1
大吃一惊,-1
大咧咧,-1
大大咧咧,-1
大失所望,-1
大惊失色,-1
大意,-1
大手大脚,-1
大摇大摆,-1
大海捞针,-1
大而化之,-1
大而无当,-1
大而笨拙,-1
大肆,-1
大谬不然,-1
大跌眼镜,-1
大错特错,-1
大错而特错,-1
大面额,-1
大骂,-1
天南地北,-1
天南海北,-1
天怒人怨,-1
天昏地暗,-1
天真,-1
太虚,-1
太随便,-1
失去理性,-1
失宜,-1
失实,-1
失常,-1
失当,-1
失悔,-1
失意,-1
失慎,-1
失望,-1
失检,-1
失礼,-1
失神,-1
失神,-1
失节,-1
失落,-1
头痛,-1
头脑空虚,-1
夸诞,-1
夹七夹八,-1
奇丑无比,-1
奇形怪状,-1
L着头发,-1
奚幸,-1
奚落,-1
奢,-1
奢侈,-1
奢华,-1
奢糜,-1
奢靡,-1
奴颜婢膝,-1
奶声奶气,-1
奸,-1
奸佞,-1
奸刁,-1
奸恶,-1
奸猾,-1
奸诈,-1
奸邪,-1
奸险,-1
好不容易,-1
好事多磨,-1
好容易,-1
如丧考妣,-1
如临大敌,-1
如临深渊,-1
如履薄冰,-1
如泣如诉,-1
如鲠在喉,-1
妄,-1
妄自尊大,-1
妖,-1
妖里妖气,-1
委决不下,-1
委屈,-1
委琐,-1
委罪,-1
委靡,-1
委靡不振,-1
威,-1
威厉,-1
娄,-1
娆,-1
娆,-1
娇,-1
娇嫩,-1
娇弱,-1
娇憨,-1
娇气,-1
娇生惯养,-1
娇痴,-1
娇羞,-1
娇贵,-1
婆婆妈妈,-1
婚外,-1
,-1
直,-1
媚俗,-1
媸,-1
嫉恨,-1
嫌,-1
嫌厌,-1
嫌弃,-1
嫌恶,-1
嫌憎,-1
嫩,-1
嬉笑怒骂,-1
子虚,-1
子虚乌有,-1
孑,-1
孑然,-1
孑然一身,-1
孑身,-1
孛,-1
孟浪,-1
孤,-1
孤傲,-1
孤傲不群,-1
孤僻,-1
孤单,-1
孤单单,-1
孤孤单单,-1
孤寂,-1
孤寡,-1
孤独,-1
孤立,-1
孤立无援,-1
孤陋寡闻,-1
孤零零,-1
学究气,-1
学识浅薄,-1
学识谫陋,-1
孩子气,-1
孬,-1
孱,-1
孱弱,-1
守旧,-1
守株待兔,-1
完全不重要,-1
官僚,-1
官僚主义,-1
实属不易,-1
宥,-1
害,-1
害怕,-1
害羞,-1
害臊,-1
家徒四壁,-1
家徒壁立,-1
家贫如洗,-1
家长式,-1
宽假,-1
宽免,-1
宽宥,-1
宽恕,-1
宽贷,-1
宽赦,-1
寂,-1
寂寞,-1
寂寥,-1
密,-1
密不透风,-1
富余,-1
寒,-1
寒,-1
寒伧,-1
寒微,-1
寒心,-1
寒碜,-1
寒素,-1
寒苦,-1
寒酸,-1
寞,-1
寡,-1
寡了叭叽,-1
寡味,-1
寡情,-1
寡断,-1
寡欢,-1
寡淡,-1
寡言,-1
寡言少语,-1
寥,-1
寥寂,-1
寸草不生,-1
封建,-1
封闭,-1
封闭型,-1
封闭式,-1
将信将疑,-1
将心比心,-1
小,-1
小儿科,-1
小家子气,-1
小家子相,-1
小小不言,-1
小心眼,-1
小心眼儿,-1
小手小脚,-1
小气,-1
小看,-1
小瞧,-1
小肚鸡肠,-1
小视,-1
小里小气,-1
少不更事,-1
尖刻,-1
尖嘴猴腮,-1
尖嘴薄舌,-1
尖酸,-1
尖酸刻薄,-1
尴尬,-1
屁滚尿流,-1
屈才,-1
屈理,-1
山南海北,-1
山穷水尽,-1
岂有此理,-1
岌岌,-1
岌岌不可终日,-1
岌岌可危,-1
岸然,-1
峭,-1
峭直,-1
峻,-1
崎,-1
崎岖,-1
崎岖不平,-1
,-1
嶙峋,-1
嶙嶙,-1
左,-1
左右两难,-1
左右为难,-1
巧,-1
巧黠,-1
差,-1
差劲,-1
差可,-1
差点儿,-1
巽,-1
带有敌意,-1
幕后,-1
干,-1
干巴,-1
干巴巴,-1
干干巴巴,-1
干燥,-1
干瘪,-1
干瘪瘪,-1
平淡,-1
平淡无味,-1
平淡无奇,-1
平白,-1
平白无故,-1
平铺直叙,-1
平铺直序,-1
年久失修,-1
幺麽,-1
幻,-1
幻异,-1
幼稚,-1
幽,-1
幽冥,-1
幽幽,-1
幽忧,-1
幽晦,-1
幽暗,-1
幽黯,-1
应名儿,-1
庞杂,-1
废,-1
废弛,-1
废旧,-1
废物,-1
度量小,-1
庸,-1
庸俗,-1
庸庸碌碌,-1
庸碌,-1
廪,-1
开小差,-1
开炮,-1
异,-1
异常,-1
异形,-1
m陋,-1
引咎,-1
引咎自责,-1
引起反感,-1
张冠李戴,-1
张口结舌,-1
张狂,-1
弥天,-1
弱,-1
弱不禁风,-1
弱不胜衣,-1
弱势,-1
弱小,-1
弱智,-1
强,-1
强制,-1
强制性,-1
强暴,-1
强横,-1
强行,-1
当头棒喝,-1
当紧,-1
形单影只,-1
形同虚设,-1
形同路人,-1
形影相吊,-1
形格势禁,-1
影影绰绰,-1
彷,-1
彷徨,-1
往心里去,-1
徒,-1
徒劳,-1
徒劳无功,-1
徒劳无益,-1
徒然,-1
得寸进尺,-1
得陇望蜀,-1
得饶人处且饶人,-1
得鱼忘筌,-1
徘徊,-1
微不足道,-1
微愠,-1
微末,-1
微茫,-1
微贱,-1
德性,-1
德行,-1
心不在焉,-1
心切,-1
心口不一,-1
心地狭窄,-1
心如刀割,-1
心如刀绞,-1
心如死灰,-1
心如蛇蝎,-1
心如铁石,-1
心寒,-1
心急,-1
心急如火,-1
心急如焚,-1
心急火燎,-1
心情沉重,-1
心惊肉跳,-1
心惊胆战,-1
心惊胆颤,-1
心有余悸,-1
心毒,-1
心浮,-1
心灰意冷,-1
心灰意懒,-1
心烦,-1
心烦意乱,-1
心焦,-1
心焦如焚,-1
心狠,-1
心狠手辣,-1
心猿意马,-1
心疼,-1
心痛,-1
心眼儿小,-1
心眼儿窄,-1
心眼小,-1
心碎,-1
心粗,-1
心绪沉落,-1
心胆俱裂,-1
心胸狭窄,-1
心胸狭隘,-1
心虚,-1
心酸,-1
心里堵得慌,-1
心黑手辣,-1
必修,-1
忉,-1
忌,-1
忌刻,-1
忌恨,-1
忌惮,-1
忍让,-1
忏,-1
忏悔,-1
志大才疏,-1
忘恩负义,-1
忘情,-1
忝,-1
忡,-1
忧,-1
忧伤,-1
忧心,-1
忧心如焚,-1
忧心忡忡,-1
忧思,-1
忧怨,-1
忧悒,-1
忧惧,-1
忧愁,-1
忧愤,-1
忧烦,-1
忧虑,-1
忧郁,-1
忧闷,-1
忪,-1
忮,-1
,-1
忸,-1
忸忸怩怩,-1
忸怩,-1
忸怩作态,-1
忽略,-1
忽视,-1
忿忿,-1
忿忿不平,-1
忿忿然,-1
忿怒,-1
忿恚,-1
忿恨,-1
忿懑,-1
怀恨,-1
怀恨在心,-1
怀疑,-1
怀着恶意,-1
怃,-1
怄,-1
怄气,-1
怅,-1
怅怅,-1
怅恨,-1
怅惘,-1
怅然,-1
怅然若失,-1
怆,-1
怆U,-1
怆恍,-1
怆恻,-1
怆然,-1
怊,-1
怍,-1
怏,-1
怏怏,-1
怏怏不乐,-1
怏然,-1
怏然不悦,-1
怒,-1
怒不可遏,-1
怒冲冲,-1
怒发冲冠,-1
怒叱,-1
怒喝,-1
怒形于色,-1
怒斥,-1
怒气冲冲,-1
怒气冲天,-1
怒火中烧,-1
怒火冲天,-1
怒目,-1
怒骂,-1
怔,-1
怔住,-1
怔忪,-1
怔怔,-1
怔神儿,-1
怕,-1
怕生,-1
怕羞,-1
怖,-1
怛,-1
怜,-1
怜恤,-1
怜悯,-1
怜惜,-1
怠惰,-1
急,-1
急不可待,-1
急于,-1
急切,-1
急功近利,-1
急巴巴,-1
急急巴巴,-1
急性子,-1
急死,-1
急眼,-1
急躁,-1
性急,-1
性情急躁,-1
性格内向,-1
怨,-1
怨声载道,-1
怨天尤人,-1
怨恨,-1
怨悔,-1
怪,-1
怪僻,-1
怪罪,-1
怪里怪气,-1
怫,-1
怫然,-1
怫然不悦,-1
怫然作色,-1
怯,-1
怯,-1
怯弱,-1
怯懦,-1
怯然,-1
怯生生,-1
怯阵,-1
怵,-1
怵头,-1
怵然,-1
恂,-1
恃才傲物,-1
恍恍惚惚,-1
恍惚,-1
恐,-1
恐怖,-1
恐惧,-1
恐慌,-1
恕,-1
恕宥,-1
恚,-1
恚怒,-1
恚恨,-1
恚愤,-1
恝,-1
恝然,-1
恝置,-1
r,-1
恣,-1
恣意,-1
恣肆,-1
恤,-1
恧,-1
恨,-1
恨之入骨,-1
恨入骨髓,-1
恨铁不成钢,-1
恫,-1
恬淡,-1
恶,-1
恶,-1
恶劣,-1
恶心,-1
恶毒,-1
恶浊,-1
恶煞煞,-1
恶狠狠,-1
恶贯满盈,-1
恶骂,-1
恸,-1
恹,-1
恹恹,-1
恻,-1
恻然,-1
恻隐,-1
恼,-1
恼怒,-1
恼恨,-1
恼火,-1
恼羞成怒,-1
悍,-1
悍然,-1
悍然不顾,-1
悒,-1
悒悒不乐,-1
悒郁,-1
悒郁寡欢,-1
悒闷,-1
悔,-1
悔不当初,-1
悔不该,-1
悔之不及,-1
悔之无及,-1
悔之晚矣,-1
悔恨,-1
悔悟,-1
悖,-1
悖妄,-1
悖晦,-1
悖谬,-1
悖逆,-1
悚,-1
悚然,-1
悛,-1
悠谬,-1
患,-1
悬,-1
悬,-1
悬乎,-1
悬心,-1
悬念,-1
悬空,-1
悬系,-1
悭,-1
悭吝,-1
悯,-1
悱,-1
悲,-1
悲伤,-1
悲凄,-1
悲凉,-1
悲切,-1
悲切切,-1
悲剧,-1
悲哀,-1
悲天悯人,-1
悲怆,-1
悲恸,-1
悲恻,-1
悲悯,-1
悲惨,-1
悲愁,-1
悲戚,-1
悲痛,-1
悲痛欲绝,-1
悲观,-1
悲观地,-1
悲观失望,-1
悲酸,-1
悸栗,-1
悻悻,-1
悻悻然,-1
悻然,-1
惆,-1
惆怅,-1
惊,-1
惊人,-1
惊叹,-1
惊呆,-1
惊天动地,-1
惊奇,-1
惊奇不已,-1
惊异,-1
惊怕,-1
惊怖,-1
惊怪,-1
惊恐,-1
惊悚,-1
惊惧,-1
惊惶,-1
惊愕,-1
惊慌,-1
惊慌失措,-1
惊爆,-1
惊疑,-1
惊讶,-1
惊诧,-1
惊险,-1
惊骇,-1
惋,-1
惋惜,-1
惘,-1
惘然,-1
惘然若失,-1
,-1
惜,-1
惝恍,-1
惟利是图,-1
惟恐,-1
惟我独尊,-1
惦,-1
惦念,-1
惦挂,-1
惦记,-1
惧,-1
惧怕,-1
惨,-1
惨不忍睹,-1
惨厉,-1
惨无人道,-1
惨毒,-1
惨淡,-1
惨烈,-1
惨痛,-1
惨痛,-1
惨绝人寰,-1
惨苦,-1
惭,-1
惭惶,-1
惭愧,-1
惮,-1
惰,-1
惰性,-1
想不开,-1
惴,-1
惶,-1
惶恐,-1
惶恐不安,-1
惶悚,-1
惶惑,-1
惶惧,-1
惶惶,-1
惶惶不可终日,-1
惶惶不安,-1
惶惶然,-1
惶然,-1
惶然不安,-1
惶遽,-1
惹气,-1
,-1
愀,-1
愀然,-1
愁,-1
愁容满面,-1
愁惨,-1
愁眉不展,-1
愁眉紧锁,-1
愁眉苦脸,-1
愁眉锁眼,-1
愁肠百结,-1
愁闷,-1
愍,-1
愎,-1
意意思思,-1
意马心猿,-1
愕,-1
愕然,-1
愚,-1
愚不可及,-1
愚傻,-1
愚妄,-1
愚拙,-1
愚昧,-1
愚昧无知,-1
愚痴,-1
愚笨,-1
愚蒙,-1
愚蠢,-1
愚钝,-1
愚陋,-1
愚顽,-1
愚鲁,-1
感伤,-1
愠,-1
愠怒,-1
愣,-1
愣,-1
愣住,-1
愣头愣脑,-1
愣怔,-1
愣怔怔,-1
愣神儿,-1
愤世嫉俗,-1
愤怒,-1
愤恨,-1
愤愤,-1
愤愤不平,-1
愤愤然,-1
愤懑,-1
愦,-1
愧,-1
愧对,-1
愧怍,-1
愧恧,-1
愧恨,-1
愧悔,-1
愧汗,-1
愧疚,-1
愧赧,-1
慊,-1
慌恐,-1
慑,-1
慧黠,-1
慵懒,-1
憋,-1
憋屈,-1
憋得慌,-1
憋拗,-1
憋气,-1
憋着一肚子气,-1
憋闷,-1
憎,-1
憎恨,-1
憎恶,-1
憝,-1
憝,-1
憨,-1
憷,-1
憷头,-1
憾,-1
,-1
懈怠,-1
懊,-1
懊丧,-1
懊恨,-1
懊恼,-1
懊悔,-1
懑,-1
懒,-1
懒到极点,-1
懒得,-1
懒惰,-1
懒散,-1
懒洋洋,-1
懔,-1
懦,-1
懦弱,-1
懦怯,-1
懵,-1
懵懂,-1
懵懵懂懂,-1
懵里懵懂,-1
戆,-1
戆头戆脑,-1
戏侮,-1
成事不足，败事有余,-1
战兢兢,-1
战战兢兢,-1
戚戚,-1
戚然,-1
戟指,-1
戳壁脚,-1
戳脊梁骨,-1
戾,-1
所谓,-1
手头紧,-1
手无缚鸡之力,-1
手生,-1
手紧,-1
手脚不干净,-1
才疏学浅,-1
扎手,-1
扑朔迷离,-1
打入冷宫,-1
打入十八层地狱,-1
打怵,-1
打憷,-1
打问号,-1
打骂,-1
执拗,-1
执迷不悟,-1
扫兴,-1
扬长,-1
扭扭捏捏,-1
扰扰,-1
批,-1
批斗,-1
扼腕,-1
找岔子,-1
找碴,-1
找碴儿,-1
找茬,-1
找茬儿,-1
抑郁,-1
抑郁寡欢,-1
抓瞎,-1
投机,-1
投诉,-1
抗议,-1
抠,-1
抠唆,-1
抠搜,-1
抠门儿,-1
抨,-1
抨击,-1
抱不平,-1
抱怨,-1
抱恨,-1
抱恨终天,-1
抱恨终生,-1
抱愧,-1
抱憾,-1
抱憾终身,-1
抱歉,-1
抱残守缺,-1
抱疚,-1
抹不开,-1
担心,-1
担忧,-1
担惊受怕,-1
拈轻怕重,-1
拉下脸,-1
拉下脸来,-1
拉不下脸,-1
拉不下脸来,-1
拉忽,-1
拉拉杂杂,-1
拉杂,-1
拉长个脸,-1
拍案而起,-1
拒人于千里之外,-1
拖沓,-1
拖泥带水,-1
拗,-1
拘,-1
拘执,-1
拘束,-1
拘礼,-1
拙,-1
拙劣,-1
拙笨,-1
招致不幸,-1
拥挤,-1
拥挤不堪,-1
拮据,-1
拿腔作势,-1
拿腔拿调,-1
持异议,-1
挂,-1
挂一漏万,-1
挂名,-1
挂心,-1
挂念,-1
挂怀,-1
挂漏,-1
挂火,-1
挂牵,-1
挂虑,-1
挂记,-1
指摘,-1
指斥,-1
指桑骂槐,-1
指责,-1
指鸡骂狗,-1
挑刺儿,-1
挑毛病,-1
挑逗性,-1
挖苦,-1
挤,-1
挤巴,-1
挤得水泄不通,-1
挤得要命,-1
挤挤插插,-1
挤满,-1
挹,-1
捉摸不定,-1
捉襟见肘,-1
捏一把汗,-1
捏把汗,-1
捕风捉影,-1
损,-1
损人利己,-1
捶胸顿足,-1
掉以轻心,-1
掉魂,-1
掊,-1
掊击,-1
掎,-1
排揎,-1
提心吊胆,-1
揪心,-1
揭不开锅,-1
胸顿足,-1
携贰,-1
摇摆,-1
摇摇晃晃,-1
摇摇欲坠,-1
摩肩接踵,-1
摭,-1
摸不准,-1
撒气,-1
撸,-1
撺,-1
操切,-1
操心,-1
攘攘,-1
支离,-1
支离破碎,-1
攻击,-1
放浪,-1
放纵,-1
放肆,-1
放荡,-1
放荡不羁,-1
放诞,-1
效率很差,-1
敌对,-1
敌视,-1
教训,-1
散,-1
散乱,-1
散漫,-1
数不上,-1
数不着,-1
数落,-1
数说,-1
文不对题,-1
文弱,-1
文恬武嬉,-1
斗,-1
斗争,-1
斜,-1
斜体,-1
斜歪,-1
斤斤计较,-1
斥,-1
斥责,-1
斥骂,-1
断肠,-1
断魂,-1
斯文扫地,-1
旁敲侧击,-1
旁若无人,-1
无中生有,-1
无人过问,-1
无人问津,-1
无价值,-1
无伤大雅,-1
无伴,-1
无依无靠,-1
无光,-1
无光泽,-1
无关大局,-1
无关宏旨,-1
无关痛痒,-1
无关紧要,-1
无凭无据,-1
无力,-1
无动于衷,-1
无助,-1
无原则,-1
无口才,-1
无可无不可,-1
无名火起,-1
无吸引力,-1
无味,-1
无地自容,-1
无实效,-1
无实质,-1
无常,-1
无度,-1
无心,-1
无情,-1
无情无义,-1
无意,-1
无意义,-1
无所不用其极,-1
无所帮助,-1
无所谓,-1
无故,-1
无效,-1
无教养,-1
无望,-1
无根据,-1
无法无天,-1
无济于事,-1
无涵养,-1
无特色,-1
无理,-1
无生气,-1
无用,-1
无的放矢,-1
无益,-1
无目的,-1
无眉目,-1
无知,-1
无礼,-1
无稽,-1
无端,-1
无端端,-1
无精打采,-1
无纪律,-1
无缘无故,-1
无聊,-1
无聊,-1
无能,-1
无能为力,-1
无节制,-1
无补,-1
无补于事,-1
无表情,-1
无规,-1
无视,-1
无计划,-1
无记名,-1
无证据,-1
无诚意,-1
无谓,-1
无赖,-1
无足轻重,-1
无道德观念,-1
无限制,-1
旧,-1
旧式,-1
昂贵,-1
明哲保身,-1
昏,-1
昏乱,-1
昏天黑地,-1
昏头昏脑,-1
昏庸,-1
昏愦,-1
昏昧,-1
昏暗,-1
昏沉,-1
昏聩,-1
昏黑,-1
易变,-1
易怒,-1
星星点点,-1
晃悠悠,-1
晃晃悠悠,-1
晕头转向,-1
晦,-1
晦冥,-1
晦暗,-1
晦暝,-1
晦涩,-1
智障,-1
暗,-1
暗下,-1
暗中,-1
暗地,-1
暗地里,-1
暗弱,-1
暗无天日,-1
暗昧,-1
暗暗,-1
暗朦,-1
暗沉沉,-1
暗淡,-1
暗自,-1
暗里,-1
暗黑,-1
暝,-1
暧,-1
暧昧,-1
暮气,-1
暮气沉沉,-1
暮色苍茫,-1
暴,-1
暴戾,-1
暴戾恣睢,-1
暴烈,-1
暴虐,-1
暴跳,-1
暴跳如雷,-1
暴躁,-1
曲折,-1
曲曲折折,-1
最坏,-1
最差,-1
有一搭没一搭,-1
有义务,-1
有伤风化,-1
有名无实,-1
有失偏颇,-1
有失检点,-1
有失身分,-1
有头无尾,-1
有始无终,-1
有害,-1
有弊,-1
有恃无恐,-1
有愧,-1
有毒,-1
有毒性,-1
有点旧,-1
有碍观瞻,-1
有罪,-1
有难度,-1
望梅止渴,-1
望而生畏,-1
朝三暮四,-1
朝不保夕,-1
朝不谋夕,-1
朝秦暮楚,-1
朦,-1
朦朦胧胧,-1
朦胧,-1
木,-1
木头木脑,-1
木然,-1
木讷,-1
木雕泥塑,-1
未便,-1
未列计划,-1
未受过教育,-1
未归类,-1
未成熟,-1
未揭露,-1
未老先衰,-1
本本主义,-1
机变,-1
机械,-1
机械式,-1
机械性,-1
杀人不眨眼,-1
杀人不见血,-1
杀人如麻,-1
杀气,-1
杀气腾腾,-1
杂,-1
杂七杂八,-1
杂乱,-1
杂乱无章,-1
杂沓,-1
杂牌,-1
杂草丛生,-1
杂e,-1
杌,-1
杏眼圆睁,-1
村气,-1
村野,-1
来之不易,-1
来气,-1
来火,-1
来路不明,-1
杯弓蛇影,-1
松垮,-1
松垮垮,-1
松散,-1
松散散,-1
松松垮垮,-1
板,-1
板,-1
板板六十四,-1
板滞,-1
板着脸,-1
板着面孔,-1
板脸,-1
板起脸,-1
板面孔,-1
极度悲伤,-1
极度悲哀,-1
枉,-1
枉然,-1
枉费心机,-1
枝蔓,-1
枯,-1
枯寂,-1
枯槁,-1
枯涩,-1
枯燥,-1
枯燥乏味,-1
枯燥无味,-1
架空,-1
柔弱,-1
柔肠寸断,-1
柔肠百结,-1
桀,-1
桀骜不驯,-1
昧,-1
棘手,-1
森,-1
棼,-1
椎心泣血,-1
概念化,-1
槁,-1
槁木死灰,-1
模棱两可,-1
模糊,-1
模糊不清,-1
横,-1
横七竖八,-1
横加,-1
横暴,-1
横蛮无理,-1
欠周到,-1
欠妥,-1
欠完善,-1
次,-1
次等,-1
欲哭无泪,-1
欲壑难填,-1
欺诈性,-1
歉然,-1
歉甚,-1
正色,-1
正颜厉色,-1
武断,-1
歧视,-1
歪,-1
歪斜,-1
歪歪扭扭,-1
歹,-1
歹毒,-1
死,-1
死一般,-1
死去活来,-1
死心塌地,-1
死心眼,-1
死心眼儿,-1
死性,-1
死有余辜,-1
死板,-1
死板板,-1
死死,-1
死气沉沉,-1
死沉沉,-1
死硬,-1
死脑筋,-1
殆,-1
残,-1
残忍,-1
残损,-1
残暴,-1
残毒,-1
残破,-1
残破不全,-1
残缺,-1
残缺不全,-1
残虐,-1
残败,-1
残酷,-1
残酷无情,-1
殚,-1
殷,-1
殷切,-1
毒,-1
毒辣,-1
比肩接踵,-1
毛,-1
毛头毛脑,-1
毛手毛脚,-1
毛毛躁躁,-1
毛糙,-1
毛躁,-1
毛骨悚然,-1
毫不在乎,-1
毫不客气,-1
毫不留情,-1
毫无价值,-1
毫无意义,-1
毫无用处,-1
毫无目标,-1
毵毵,-1
民怨沸腾,-1
气,-1
气不平,-1
气不忿,-1
气不过,-1
气乎乎,-1
气冲冲,-1
气冲牛斗,-1
气势汹汹,-1
气呼呼,-1
气哼哼,-1
气壮如牛,-1
气头上,-1
气忿,-1
气忿忿,-1
气急败坏,-1
气恼,-1
气愤,-1
气愤愤,-1
气昂昂,-1
气汹汹,-1
气狠狠,-1
气盛,-1
气短,-1
气粗,-1
气闷,-1
气馁,-1
气鼓鼓,-1
水中捞月,-1
水性杨花,-1
水泄不通,-1
水火不相容,-1
汗颜,-1
污,-1
污七八糟,-1
污浊,-1
污秽,-1
沉吟,-1
沉滞,-1
沉痛,-1
沉痛,-1
沉郁,-1
沉重,-1
沉闷,-1
沉闷,-1
沓,-1
没两下子,-1
没个好脸,-1
没什么了不得,-1
没什么了不起,-1
没关系,-1
没出息,-1
没劲,-1
没受过教育,-1
没味,-1
没头没脑,-1
没头脑,-1
没好气,-1
没心没肺,-1
没心眼儿,-1
没意思,-1
没意思,-1
没教养,-1
没有勇气,-1
没有头脑,-1
没有好脸,-1
没有学问,-1
没有教养,-1
没有礼貌,-1
没理,-1
没用,-1
没礼貌,-1
没精打采,-1
没良心,-1
没见过世面,-1
没轻没重,-1
没边儿,-1
没骨头,-1
沮,-1
沮丧,-1
沸沸扬扬,-1
油,-1
油乎乎,-1
油头滑脑,-1
油汪汪,-1
油渍渍,-1
油滑,-1
油煎火燎,-1
油脂麻花,-1
油腻,-1
油腻腻,-1
泄劲,-1
泄气,-1
泛,-1
泛泛,-1
泞,-1
波谲云诡,-1
泥沙俱下,-1
泼,-1
泼辣,-1
洁身自好,-1
活动,-1
派不是,-1
流气,-1
流里流气,-1
浅,-1
浅尝辄止,-1
浅薄,-1
浅陋,-1
浇漓,-1
浇薄,-1
浊,-1
浑,-1
浑噩,-1
浑头浑脑,-1
浑浊,-1
浑浑噩噩,-1
浪,-1
浪荡,-1
浮,-1
浮光掠影,-1
浮噪,-1
浮泛,-1
浮浅,-1
浮滑,-1
浮漂,-1
浮皮蹭痒,-1
浮躁,-1
海底捞月,-1
海底捞针,-1
消极,-1
消沉,-1
涉世不深,-1
涩,-1
涩滞,-1
涩苦,-1
涵容,-1
涵蓄,-1
淘,-1
淘气,-1
淘神,-1
淡,-1
淡淡,-1
淡漠,-1
淡然,-1
淡而无味,-1
淡薄,-1
淫,-1
淫乱,-1
淫亵,-1
淫猥,-1
淫秽,-1
淫荡,-1
淫贱,-1
淫逸,-1
淫邪,-1
淫靡,-1
深以为异,-1
深恶痛绝,-1
深重,-1
混,-1
混乱,-1
混交,-1
混合,-1
混沌,-1
混浊,-1
混淆不清,-1
混混沌沌,-1
混血,-1
混账,-1
清冷,-1
清寒,-1
清淡,-1
清算,-1
清苦,-1
清贫,-1
清高,-1
渎,-1
游移,-1
渺,-1
渺小,-1
渺渺,-1
渺然,-1
渺若烟云,-1
渺茫,-1
湎,-1
溜号,-1
溢价,-1
溲,-1
溷浊,-1
滂,-1
滑,-1
滑头,-1
滑头滑脑,-1
滞,-1
滞呆,-1
滞涩,-1
滞背,-1
滞钝,-1
滞销,-1
满,-1
满不在乎,-1
满目疮痍,-1
满脸愁雾,-1
满脸横肉,-1
滥,-1
滴里嘟噜,-1
漂浮,-1
漆黑,-1
漆黑一团,-1
漏洞百出,-1
漠,-1
漠不关心,-1
漠漠,-1
漠然,-1
漠然置之,-1
漠然视之,-1
漠视,-1
漫,-1
漫不经心,-1
漫不经意,-1
漫无目标,-1
漫无目的,-1
漫无边际,-1
漫漶,-1
漫骂,-1
潜,-1
潦草,-1
潮,-1
澹然,-1
激愤,-1
火,-1
火冒三丈,-1
火头上,-1
火急火燎,-1
火暴,-1
火烧火燎,-1
火爆,-1
灭绝人性,-1
灯火阑珊,-1
灯红酒绿,-1
灰头土脸,-1
灰头土脸,-1
灰头灰脸,-1
灰头灰脸,-1
灰心,-1
灰心丧气,-1
灰暗,-1
灰朦朦,-1
灰沉沉,-1
灰溜溜,-1
灰溜溜,-1
灰秃秃,-1
灰色,-1
灰茫茫,-1
灰蒙蒙,-1
灾难性,-1
炸,-1
烂,-1
烈,-1
烈性子,-1
烟雾弥漫,-1
烟雾腾腾,-1
烦,-1
烦,-1
烦冗,-1
烦厌,-1
烦嚣,-1
烦忧,-1
烦恼,-1
烦愁,-1
烦扰,-1
烦琐,-1
烦神,-1
烦腻,-1
烦躁,-1
烦闷,-1
烦难,-1
烫手,-1
焦心,-1
焦急,-1
焦愁,-1
焦灼,-1
焦炙,-1
焦虑,-1
照本宣科,-1
煮豆燃萁,-1
熊,-1
熹微,-1
爆炸性,-1
爱搭不理,-1
爱理不理,-1
片断,-1
片面,-1
牙碜,-1
牛,-1
牛气,-1
物伤其类,-1
牵念,-1
特困,-1
特贫,-1
犟,-1
犬牙交错,-1
犯急,-1
犯怵,-1
犯愁,-1
犯憷,-1
犯有罪行,-1
犯疑心病,-1
犯难,-1
犷,-1
犷悍,-1
犹犹豫豫,-1
犹疑,-1
犹豫,-1
犹豫不决,-1
犹豫不前,-1
狂,-1
狂傲,-1
狂妄,-1
狂妄自大,-1
狂怒,-1
狂恣,-1
狂悖,-1
狂暴,-1
狂荡,-1
狂躁,-1
狃,-1
狎,-1
狎昵,-1
狐疑不决,-1
狗眼看人,-1
狙,-1
狞,-1
狞恶,-1
狠,-1
狠劲,-1
狠心,-1
狠毒,-1
狡,-1
狡兔三窟,-1
狡狯,-1
狡猾,-1
狡计多端,-1
狡诈,-1
狡黠,-1
独断,-1
独裁,-1
狯,-1
狰狞,-1
狷,-1
狷急,-1
狼心狗肺,-1
狼狈,-1
狼狈不堪,-1
狼籍,-1
狼藉,-1
猖,-1
猖狂,-1
猜嫌,-1
猜忌,-1
猜疑,-1
猥,-1
猥亵,-1
猥劣,-1
猥琐,-1
猥贱,-1
猥鄙,-1
猥陋,-1
猫哭老鼠,-1
猴,-1
猴儿急,-1
猾,-1
獐头鼠目,-1
獠,-1
,-1
玄,-1
率,-1
率尔,-1
率然,-1
玩,-1
玩世不恭,-1
玩忽,-1
现行,-1
理亏,-1
理屈,-1
理屈词穷,-1
理由不充分,-1
琐,-1
琐屑,-1
琐碎,-1
琐细,-1
生,-1
生怕,-1
生恐,-1
生拉硬拽,-1
生气,-1
生涩,-1
生疏,-1
生疑,-1
生硬,-1
用不着,-1
申斥,-1
申讨,-1
申饬,-1
男盗女娼,-1
畏,-1
畏忌,-1
畏怯,-1
畏惧,-1
畏葸,-1
畏首畏尾,-1
畸,-1
畸形,-1
畸轻畸重,-1
疏,-1
疏忽,-1
疏懒,-1
疏松,-1
疑,-1
疑忌,-1
疑惑,-1
疑神疑鬼,-1
疑虑,-1
疑虑重重,-1
疑难,-1
疙疙瘩瘩,-1
疙里疙瘩,-1
疚愧,-1
疣赘,-1
疮痍满目,-1
疯狂,-1
疯狂般,-1
疯疯癫癫,-1
疯癫癫,-1
疾,-1
疾言厉色,-1
病弱,-1
病态,-1
病恹恹,-1
病歪歪,-1
病殃殃,-1
病病歪歪,-1
痛,-1
痛不欲生,-1
痛心,-1
痛心疾首,-1
痛恨,-1
痛恶,-1
痛惜,-1
痛斥,-1
痛责,-1
痛骂,-1
痴,-1
痴傻,-1
痴呆,-1
痴呆呆,-1
痴愚,-1
痴愣,-1
痴痴,-1
瘅,-1
},-1
}得慌,-1
瘠,-1
瘠薄,-1
瘦,-1
瘦弱,-1
瘫软,-1
癃,-1
癫狂,-1
白,-1
白云苍狗,-1
白忙,-1
白忙活儿,-1
白搭,-1
白痴般,-1
白白,-1
白衣苍狗,-1
百孔千疮,-1
百无聊赖,-1
皇皇,-1
皮,-1
皮毛,-1
皮相,-1
皮里阳秋,-1
皱,-1
皱巴,-1
皱巴巴,-1
皱皱巴巴,-1
盘根错节,-1
盘u,-1
盛气凌人,-1
目不识丁,-1
目中无人,-1
目光凶狠,-1
目光如豆,-1
目光短浅,-1
目无余子,-1
目瞪口呆,-1
目空一切,-1
盲人瞎马,-1
盲目,-1
直勾勾,-1
直呆呆,-1
直愣愣,-1
直盯盯,-1
直眉瞪眼,-1
直瞪瞪,-1
看不上,-1
看不上眼,-1
看不开,-1
看不惯,-1
看不起,-1
看不顺眼,-1
看低,-1
看扁,-1
看淡,-1
看轻,-1
看风使舵,-1
眷顾,-1
眼光短浅,-1
眼巴巴,-1
眼生,-1
眼皮子浅,-1
眼皮子高,-1
着三不着两,-1
着忙,-1
着急,-1
睁一只眼闭一只眼,-1
睁一眼闭一眼,-1
睁只眼闭只眼,-1
睁,-1
睨,-1
瞀,-1
瞎,-1
瞑,-1
瞠然,-1
瞠目结舌,-1
瞢,-1
瞧不上,-1
瞧不上眼,-1
瞧不起,-1
瞪眼,-1
瞬息万变,-1
瞻前顾后,-1
瞽,-1
矍,-1
矜,-1
矜,-1
矜夸,-1
矜持,-1
矫情,-1
矫情造作,-1
矫揉造作,-1
短浅,-1
短视,-1
矮,-1
破,-1
破口大骂,-1
破坏性,-1
破旧,-1
破烂不堪,-1
破败,-1
破陋,-1
硗,-1
硗瘠,-1
硗薄,-1
硬,-1
硬性,-1
硬气,-1
硬生生,-1
碌,-1
碌碌,-1
碌碌无为,-1
碍眼,-1
碍难,-1
碎,-1
碜,-1
磕头碰脑,-1
磕磕绊绊,-1
磨不开,-1
示不同意,-1
示不满,-1
示怒,-1
神不知鬼不觉,-1
神不知，鬼不觉,-1
神志委靡,-1
神气十足,-1
神气活现,-1
神神秘秘,-1
神秘,-1
祟,-1
祸不单行,-1
祸从天降,-1
离心离德,-1
离索,-1
离题,-1
禽兽不如,-1
私,-1
私下,-1
私下里,-1
私密,-1
私底下,-1
私自,-1
秃,-1
秉性剌戾,-1
秘,-1
秘密,-1
积满灰尘,-1
积重难返,-1
秽,-1
秽乱,-1
秽亵,-1
秽土,-1
秽恶,-1
稀松,-1
稀松平常,-1
稀里糊涂,-1
稗,-1
稚气,-1
穷,-1
穷乏,-1
穷凶极恶,-1
穷匮,-1
穷困,-1
穷困潦倒,-1
穷奢极侈,-1
穷奢极欲,-1
穷极无聊,-1
穷极潦倒,-1
穷苦,-1
穷途末路,-1
穷途潦倒,-1
穷酸,-1
空,-1
空中楼阁,-1
空乏,-1
空头,-1
空幻,-1
空泛,-1
空洞,-1
空洞无物,-1
空洞无聊,-1
空洞洞,-1
空空洞洞,-1
空落落,-1
空虚,-1
穿不出去,-1
穿不得,-1
窃,-1
窄,-1
窈冥,-1
窒闷,-1
窘,-1
窘,-1
窘促,-1
窘困,-1
窘急,-1
窘涩,-1
窘迫,-1
窘迫,-1
窝囊,-1
窝囊,-1
窝心,-1
窝气,-1
窝火,-1
窭,-1
窳,-1
窳劣,-1
窳惰,-1
窳败,-1
竦,-1
竭蹶,-1
竹篮子打水,-1
竹篮子打水一场空,-1
竹篮打水,-1
笃,-1
笑里藏刀,-1
笑骂,-1
笨,-1
笨头笨脑,-1
笨手笨脚,-1
笨拙,-1
笨重,-1
等不及,-1
等因奉此,-1
等外,-1
等而下之,-1
等闲视之,-1
策略,-1
策略性,-1
简单,-1
简慢,-1
简陋,-1
箪食瓢饮,-1
米珠薪桂,-1
粗,-1
粗俗,-1
粗制滥造,-1
粗劣,-1
粗心,-1
粗心大意,-1
粗手笨脚,-1
粗拉,-1
粗拙,-1
粗放,-1
粗暴,-1
粗枝大叶,-1
粗浅,-1
粗涩,-1
粗犷,-1
粗率,-1
粗疏,-1
粗笨,-1
粗糙,-1
粗线条,-1
粗莽,-1
粗蛮,-1
粗鄙,-1
粗里粗气,-1
粗重,-1
粗野,-1
粗陋,-1
粗鲁,-1
精力枯竭,-1
精神不振,-1
精神溜号,-1
糊涂,-1
糊糊涂涂,-1
糊里糊涂,-1
糙,-1
糜,-1
糜烂,-1
糟,-1
糟心,-1
糟糕,-1
糠,-1
系,-1
系念,-1
紊,-1
紊乱,-1
素不相识,-1
素昧平生,-1
索,-1
索然,-1
索然乏味,-1
索然寡味,-1
索然无味,-1
紧,-1
紧巴,-1
紧巴巴,-1
累卵,-1
累牍连篇,-1
累赘,-1
絮,-1
絮叨,-1
絮烦,-1
絮聒,-1
繁乱,-1
繁冗,-1
繁复,-1
繁杂,-1
繁琐,-1
繁缛,-1
繁芜,-1
繁重,-1
繁难,-1
红眼,-1
红脸,-1
纤弱,-1
约略,-1
纳罕,-1
纵恣,-1
纷,-1
纷乱,-1
纷扰,-1
纷杂,-1
纷繁,-1
纸上谈兵,-1
纸醉金迷,-1
细,-1
细小,-1
细碎,-1
绌,-1
经济拮据,-1
经验不足,-1
结结巴巴,-1
绕脖子,-1
给 ... 一点颜色看看,-1
给 ... 当头棒喝,-1
绝,-1
绝情,-1
绝望,-1
绵软,-1
绵里藏针,-1
绷,-1
绷着脸,-1
绷脸,-1
缈,-1
缛,-1
缠手,-1
缥缈,-1
缩头缩脑,-1
缭乱,-1
缺,-1
缺乏幽默,-1
缺乏才智,-1
缺乏教养,-1
缺乏绅士风度,-1
缺德,-1
缺心眼,-1
缺心眼儿,-1
罔,-1
罪不容诛,-1
罪大恶极,-1
罪孽深重,-1
罪恶,-1
罪恶多端,-1
罪恶昭彰,-1
罪恶昭著,-1
罪恶深重,-1
罪恶滔天,-1
罪该万死,-1
置之不理,-1
置之不顾,-1
置之度外,-1
置之脑后,-1
置于脑后,-1
置疑,-1
羊质虎皮,-1
羞,-1
羞于,-1
羞人,-1
羞人答答,-1
羞怯,-1
羞恶,-1
羞惭,-1
羞愧,-1
羞涩,-1
羞窘,-1
羞答答,-1
羞羞答答,-1
羞臊,-1
羞赧,-1
羡余,-1
群魔乱舞,-1
羸弱,-1
羼,-1
羽毛未丰,-1
翘尾巴,-1
翻云覆雨,-1
翻手为云，覆手为雨,-1
翻然悔悟,-1
老,-1
老大难,-1
老奸巨滑,-1
老奸巨猾,-1
老实,-1
老式,-1
老弱病残,-1
老掉牙,-1
老朽,-1
老气,-1
老气横秋,-1
老派,-1
老羞成怒,-1
老虎屁股摸不得,-1
老赶,-1
老辣,-1
耳热,-1
耳生,-1
耸人听闻,-1
耻骂,-1
聒,-1
聒噪,-1
肃,-1
肃杀,-1
肆,-1
肆意,-1
肆无忌惮,-1
肉,-1
肉了叭叽,-1
肉麻,-1
肋,-1
肝肠寸断,-1
肤泛,-1
肤浅,-1
肤皮潦草,-1
肩摩毂击,-1
肮脏,-1
肮里肮脏,-1
胆寒,-1
胆小,-1
胆小如鼠,-1
胆小怕事,-1
胆怯,-1
胆战心惊,-1
胆颤心惊,-1
背人,-1
背令,-1
背光,-1
背包袱,-1
背后,-1
背地,-1
背地里,-1
背悔,-1
背时,-1
背理,-1
背阴,-1
背静,-1
背靠背,-1
胡,-1
胡乱,-1
胡子拉碴,-1
胡子拉茬,-1
胡里胡涂,-1
胶柱鼓瑟,-1
胸无城府,-1
胸无点墨,-1
脆弱,-1
脏,-1
脏乎乎,-1
脏乱,-1
脏乱差,-1
脏兮兮,-1
脸上下不来,-1
脸皮薄,-1
脸红耳热,-1
脸红脖子粗,-1
脾气坏,-1
脾气急躁,-1
脾气暴,-1
脾气火暴,-1
脾气爆躁,-1
腆,-1
腐化,-1
腐化堕落,-1
腐恶,-1
腐旧,-1
腐朽,-1
腐朽没落,-1
腐烂,-1
腐臭,-1
腐败,-1
腐败堕落,-1
腥,-1
腥膻,-1
腥臊,-1
腥臭,-1
腻,-1
腻,-1
腻人,-1
腻味,-1
腻歪,-1
腻烦,-1
腼腆,-1
膈应,-1
膻,-1
膻气,-1
膻腥,-1
臆,-1
臊,-1
臊,-1
自傲,-1
自命不凡,-1
自命清高,-1
自咎,-1
自大,-1
自怨自艾,-1
自恃,-1
自惭形秽,-1
自暴自弃,-1
自疚,-1
自相矛盾,-1
自私,-1
自私自利,-1
自豪,-1
自负,-1
自责,-1
自馁,-1
自高自大,-1
臭,-1
臭不可闻,-1
臭名昭彰,-1
臭名昭著,-1
臭名远扬,-1
臭味,-1
臭哄哄,-1
臭气冲天,-1
臭气熏天,-1
臭烘烘,-1
臭骂,-1
舛,-1
良莠不齐,-1
艰,-1
艰危,-1
艰巨,-1
艰涩,-1
艰深,-1
艰苦,-1
艰苦卓绝,-1
艰辛,-1
艰难,-1
艰难曲折,-1
艰难险阻,-1
色厉内荏,-1
色情,-1
色迷迷,-1
艽,-1
芜,-1
芜杂,-1
花,-1
花天酒地,-1
花心,-1
花拳绣腿,-1
花插着,-1
花搭着,-1
花花搭搭,-1
花里胡哨,-1
花钱浪费,-1
芴,-1
芴,-1
苍凉,-1
苍白,-1
苍白无力,-1
苍茫,-1
苛,-1
苛刻,-1
苛察,-1
苛责,-1
苟且,-1
若明若暗,-1
若隐若现,-1
苦,-1
苦不唧,-1
苦口,-1
苦恼,-1
苦涩,-1
苦涩,-1
苦苦,-1
苦闷,-1
苴,-1
},-1
茕,-1
茕茕,-1
茕茕孑立,-1
茕茕孑立，形影相吊,-1
茫,-1
茫茫,-1
茫茫然,-1
荆棘载途,-1
草,-1
草木皆兵,-1
草率,-1
草草,-1
草荒,-1
荏,-1
荏弱,-1
荒,-1
荒,-1
荒乱,-1
荒僻,-1
荒凉,-1
荒唐,-1
荒唐无稽,-1
荒寂,-1
荒废,-1
荒废,-1
荒弃,-1
荒无人烟,-1
荒淫,-1
荒淫无度,-1
荒淫无耻,-1
荒漠,-1
荒疏,-1
荒瘠,-1
荒芜,-1
荒落,-1
荒诞,-1
荒诞不经,-1
荒诞无稽,-1
荒诞派,-1
荒谬,-1
荒谬绝伦,-1
荡,-1
荫,-1
莫须有,-1
莽,-1
莽撞,-1
莽苍,-1
莽莽撞撞,-1
莽莽苍苍,-1
菀,-1
菲,-1
菲薄,-1
萋迷,-1
萎靡,-1
萎靡不振,-1
萧,-1
萧条,-1
萧森,-1
萧然,-1
萧瑟,-1
萧疏,-1
萧索,-1
萧飒,-1
落伍,-1
落俗套,-1
落后,-1
落套,-1
落寞,-1
落市,-1
落拓,-1
落落寡合,-1
葸,-1
蒙昧,-1
蒙胧,-1
蒙蒙,-1
蒙蒙胧胧,-1
蓬乱,-1
蓬头垢面,-1
蓬头散发,-1
蓬散,-1
蓬首垢面,-1
蔑,-1
蔑视,-1
蔫不唧儿,-1
蔫儿坏,-1
蔫头耷脑,-1
蔽塞,-1
蕴藉,-1
薄,-1
薄,-1
薄幸,-1
薄弱,-1
薄情,-1
藏奸,-1
藐小,-1
藐视,-1
虎头蛇尾,-1
虎着脸,-1
虎踞龙蟠,-1
虐,-1
虑,-1
虚,-1
虚伪,-1
虚假,-1
虚夸,-1
虚妄,-1
虚幻,-1
虚弱,-1
虚惊,-1
虚拟,-1
虚无,-1
虚无缥缈,-1
虚无飘渺,-1
虚有其表,-1
虚浮,-1
虚空,-1
虚荣,-1
虚虚实实,-1
虚设,-1
虚诈,-1
虚诞,-1
虞,-1
虢,-1
蚍蜉撼大树,-1
蚍蜉撼树,-1
蚩,-1
蛇蝎心肠,-1
蛮,-1
蛮不讲理,-1
蛮悍,-1
蛮横,-1
蛮横无理,-1
蛮荒,-1
蜕化,-1
蜕化变质,-1
蜻蜓点水,-1
蠢,-1
蠢头蠢脑,-1
蠢笨,-1
血淋淋,-1
血腥,-1
血雨腥风,-1
行不通,-1
行为不检,-1
行为不端,-1
衍,-1
衔冤,-1
衔恨,-1
衣衫不整,-1
表示坏情感,-1
表里不一,-1
衰弱,-1
衰颓,-1
被动,-1
被动式,-1
被动性,-1
装备不良,-1
装样子,-1
装模作样,-1
装相,-1
装腔,-1
装腔作势,-1
褊,-1
褊急,-1
褊狭,-1
褒贬,-1
褶,-1
要不得,-1
要紧,-1
覆雨翻云,-1
见不得人,-1
见异思迁,-1
见怪,-1
见罪,-1
见识短浅,-1
见风使舵,-1
见风转舵,-1
视同儿戏,-1
视同蝼蚁,-1
觉得自己理亏,-1
觖,-1
觖望,-1
解气,-1
触目惊心,-1
言不由衷,-1
言之无物,-1
訾议,-1
詈,-1
詈骂,-1
,-1
誓不两立,-1
~,-1
认死理,-1
认死理儿,-1
讥刺,-1
讥嘲,-1
讥讪,-1
讥讽,-1
讥诮,-1
讨,-1
讨厌,-1
讨厌,-1
讪讪,-1
训戒,-1
训斥,-1
训诫,-1
讶,-1
讶异,-1
讶然,-1
讶然失色,-1
讷,-1
讹,-1
讽,-1
讽刺,-1
诃,-1
评头品足,-1
评头论足,-1
诅,-1
诅咒,-1
诅骂,-1
诎,-1
诘,-1
诘屈聱牙,-1
诚惶诚恐,-1
诞,-1
诟,-1
诟病,-1
诡,-1
诡秘,-1
诡计多端,-1
诡诈,-1
诡谲,-1
该死,-1
诧,-1
诧异,-1
诧愕,-1
语无伦次,-1
语焉不详,-1
诮,-1
误,-1
误诊,-1
说,-1
说不,-1
说不过去,-1
说怪话,-1
说来话长,-1
说风凉话,-1
诶,-1
调皮,-1
谅,-1
谅解,-1
谇,-1
谈何容易,-1
谈虎色变,-1
谎,-1
谩,-1
谩骂,-1
谪,-1
谫,-1
谫陋,-1
谬,-1
谲,-1
谲诈,-1
谴,-1
谴责,-1
象征性,-1
豪,-1
豪侈,-1
豪奢,-1
豪强,-1
豪横,-1
豺狼当道,-1
豺狼成性,-1
貌似强大,-1
貌似真实的,-1
负,-1
负气,-1
负疚,-1
负面,-1
财迷心窍,-1
责,-1
责备,-1
责怨,-1
责怪,-1
责斥,-1
责难,-1
责骂,-1
败兴,-1
败坏,-1
质次价高,-1
质疑,-1
质量差,-1
贪,-1
贪婪,-1
贪得无厌,-1
贪心,-1
贪心不足,-1
贫,-1
贫困,-1
贫寒,-1
贫瘠,-1
贫穷,-1
贫苦,-1
贬斥,-1
贱,-1
贵,-1
贷,-1
贸然,-1
贸贸然,-1
费,-1
费事,-1
费力,-1
费功夫,-1
费劲,-1
费工夫,-1
费时,-1
费神,-1
费精神,-1
贼,-1
贼去关门,-1
贼头贼脑,-1
贼溜溜,-1
贼眉鼠眼,-1
赖,-1
赖,-1
赖皮,-1
赘,-1
赘余,-1
赝,-1
赤地千里,-1
赤裸裸淫秽,-1
赤贫,-1
赧,-1
赧然,-1
赧颜,-1
走油,-1
走神,-1
赶尽杀绝,-1
起疑心,-1
起绉,-1
起褶子,-1
趄,-1
超常,-1
超标,-1
超然,-1
超重,-1
越礼,-1
越轨,-1
趾高气扬,-1
弛,-1
驰,-1
跋扈,-1
跌眼镜,-1
踌躇,-1
踌躇不决,-1
踌躇不前,-1
踟,-1
踟蹰,-1
踟蹰不前,-1
踟躇,-1
蹇,-1
蹈常袭故,-1
蹩脚,-1
蹰,-1
蹿火,-1
躁,-1
躁急,-1
躁狂,-1
身无分文,-1
轧,-1
轫,-1
转移性,-1
软,-1
软弱,-1
软弱无力,-1
软绵绵,-1
轸,-1
轻,-1
轻,-1
轻佻,-1
轻忽,-1
轻描淡写,-1
轻易,-1
轻浮,-1
轻淡,-1
轻狂,-1
轻率,-1
轻看,-1
轻蔑,-1
轻薄,-1
轻视,-1
轻贱,-1
辁,-1
输理,-1
辛,-1
辛苦,-1
辛辛苦苦,-1
辛酸,-1
辣,-1
辣手,-1
辱骂,-1
迁怒,-1
迂,-1
迂拙,-1
迂腐,-1
迂阔,-1
过不去,-1
过了气,-1
过分拥挤,-1
过分操心,-1
过分简单化,-1
过当,-1
过意不去,-1
过时,-1
过桥抽板,-1
过气,-1
过河拆桥,-1
过虑,-1
,-1
近视,-1
进退两难,-1
进退维谷,-1
连篇累牍,-1
迟疑,-1
迟疑不决,-1
迟钝,-1
迫不及待,-1
迷宫般,-1
迷漫,-1
迷,-1
迷离,-1
迷离倘恍,-1
迷离扑朔,-1
迷糊,-1
迷茫,-1
迷蒙,-1
迷蒙蒙,-1
迷迷怔怔,-1
迷迷糊糊,-1
迷迷茫茫,-1
迷迷蒙蒙,-1
追悔,-1
追悔莫及,-1
退化,-1
逆,-1
逆耳,-1
逞性,-1
逞性子,-1
造作,-1
造次,-1
逾分,-1
道德败坏,-1
道貌岸然,-1
遗憾,-1
遴,-1
邋遢,-1
邋邋遢遢,-1
邋里邋遢,-1
邪,-1
邪恶,-1
郁,-1
郁郁不乐,-1
郁郁寡欢,-1
郁闷,-1
鄙,-1
鄙,-1
鄙俗,-1
鄙俚,-1
鄙吝,-1
鄙夷,-1
鄙弃,-1
鄙薄,-1
鄙视,-1
鄙贱,-1
鄙贱,-1
鄙陋,-1
配不上,-1
酥,-1
酥松,-1
酥软,-1
酷,-1
酷烈,-1
酷虐,-1
酸,-1
酸,-1
酸不溜丢,-1
酸刻,-1
酸楚,-1
酸涩,-1
酸溜溜,-1
酸溜溜,-1
酸臭,-1
醉翁之意不在酒,-1
里出外进,-1
重,-1
重沓,-1
野,-1
野蛮,-1
野鸡,-1
金刚努目,-1
针砭,-1
钝,-1
铁公鸡一毛不拔,-1
铁杆儿,-1
铁石心肠,-1
铁血,-1
铺张,-1
铺张浪费,-1
锋芒毕露,-1
错,-1
错乱,-1
错愕,-1
错杂,-1
错综,-1
错综复杂,-1
错误,-1
错误百出,-1
锱铢必较,-1
长篇大论,-1
长篇累牍,-1
长线,-1
长长短短,-1
闪烁,-1
闭塞,-1
问心有愧,-1
问道于盲,-1
间不容发,-1
间杂,-1
闵,-1
闷,-1
闷,-1
闷气,-1
闷沉沉,-1
闷郁,-1
闷闷,-1
闷闷不乐,-1
闹,-1
闹哄哄,-1
闹嚷嚷,-1
闹得慌,-1
闹性子,-1
闹情绪,-1
闹脾气,-1
闹闹哄哄,-1
闹闹嚷嚷,-1
闻风丧胆,-1
阔气,-1
阔绰,-1
阙略,-1
阙陋,-1
阢,-1
阳奉阴违,-1
阴,-1
阴冷,-1
阴凄,-1
阴性,-1
阴恶,-1
阴损,-1
阴晦,-1
阴暗,-1
阴森,-1
阴森森,-1
阴毒,-1
阴沉,-1
阴沉沉,-1
阴郁,-1
阴阳怪气,-1
阴险,-1
阴险毒辣,-1
阽,-1
附会,-1
陈,-1
陈旧,-1
陈腐,-1
陋,-1
陌生,-1
险,-1
险峭,-1
险峻,-1
险恶,-1
险毒,-1
险要,-1
险诈,-1
险象环生,-1
险阻,-1
随便,-1
随心所欲,-1
随随便便,-1
随风使舵,-1
随风倒,-1
随风转舵,-1
隐,-1
隐形,-1
隐忧,-1
隐性,-1
隐晦,-1
隐然,-1
隐秘,-1
隐约,-1
隐身,-1
隐隐,-1
隐隐约约,-1
隐隐绰绰,-1
隔靴搔痒,-1
难,-1
难,-1
难上加难,-1
难上难,-1
难为情,-1
难人,-1
难以,-1
难以沟通,-1
难受,-1
难吃,-1
难听,-1
难堪,-1
难相处,-1
难看,-1
难说话,-1
难过,-1
难闻,-1
难驯服,-1
雪上加霜,-1
零,-1
零丁,-1
零七八碎,-1
零乱,-1
零散,-1
零星,-1
零碎,-1
零落,-1
零零散散,-1
零零碎碎,-1
雾里看花,-1
震,-1
震怒,-1
震悚,-1
震惊,-1
霭霭,-1
霸气,-1
霸道,-1
静僻,-1
非,-1
非人,-1
非分,-1
非婚生,-1
非常悲哀,-1
非正义,-1
非正常,-1
非正统,-1
非法,-1
非生产性,-1
非礼,-1
非议,-1
非难,-1
靠不住,-1
靡丽,-1
靡靡,-1
面呈病色,-1
面如土色,-1
面如死灰,-1
面带嗔色,-1
面带怒色,-1
面斥,-1
面无人色,-1
面无表情,-1
面有愠色,-1
面有愧色,-1
面有难色,-1
面生,-1
面目可憎,-1
面目狰狞,-1
面色蜡黄,-1
面面相觑,-1
面黄肌瘦,-1
鞭挞,-1
顽,-1
顽劣,-1
顽固,-1
顽梗,-1
顽皮,-1
顽钝,-1
顾忌,-1
顾念,-1
顾虑,-1
顾虑重重,-1
顿生疑窦,-1
顿足捶胸,-1
颇有微词,-1
颐指气使,-1
颓,-1
颓,-1
颓丧,-1
颓唐,-1
颓废,-1
颓废,-1
颓然,-1
颓败,-1
颓靡,-1
颛,-1
颛蒙,-1
颟顸,-1
颠三倒四,-1
颠倒,-1
颠连,-1
颤巍巍,-1
颤颤巍巍,-1
颤颤悠悠,-1
风刀霜剑,-1
风吹日晒,-1
风声鹤唳,-1
风流,-1
风雨飘摇,-1
风风火火,-1
风骚,-1
食古不化,-1
食而不化,-1
食而不知其味,-1
饕,-1
饥不择食,-1
饭桶,-1
饶,-1
饶人,-1
饶恕,-1
饿殍遍野,-1
馀,-1
馁,-1
首鼠两端,-1
香艳,-1
马虎,-1
马马虎虎,-1
驳杂,-1
驳议,-1
驳难,-1
驴唇不对马嘴,-1
驽,-1
驽钝,-1
骂,-1
骂不绝口,-1
骂人,-1
骂大街,-1
骂娘,-1
骂得狗血喷头,-1
骂得狗血淋头,-1
骂街,-1
骂骂咧咧,-1
骄,-1
骄人,-1
骄傲,-1
骄傲自满,-1
骄奢淫逸,-1
骄慢,-1
骄横,-1
骄气,-1
骄矜,-1
骄纵,-1
骇,-1
骇人听闻,-1
骇异,-1
骇怕,-1
骇怪,-1
骇惧,-1
骇愕,-1
骇然失色,-1
骈枝,-1
骑虎难下,-1
骗人,-1
骚,-1
骚乱性,-1
骞,-1
骨鲠在喉,-1
高不成低不就,-1
高不成，低不就,-1
高价,-1
高价位,-1
高傲,-1
高压,-1
高成本,-1
高昂,-1
高难,-1
高难度,-1
鬼,-1
鬼头鬼脑,-1
鬼计多端,-1
鬼鬼祟祟,-1
魂不附体,-1
魂飞天外,-1
魂飞魄散,-1
魄散魂飞,-1
魔怔,-1
魔鬼般,-1
鱼游釜中,-1
鱼龙混杂,-1
鲁,-1
鲁莽,-1
鲁钝,-1
鲰,-1
鳞状,-1
鸟尽弓藏,-1
鸡毛蒜皮,-1
鸡犬不宁,-1
鸡犬不留,-1
鸡蛋里挑骨头,-1
鸡零狗碎,-1
鸣不平,-1
鸣冤叫屈,-1
鸷,-1
鸷悍,-1
麻,-1
麻木,-1
麻木不仁,-1
麻烦,-1
麻痹,-1
麻麻黑,-1
黄色,-1
黑,-1
黑乎乎,-1
黑咕隆咚,-1
黑心,-1
黑心肠,-1
黑暗,-1
黑森森,-1
黑沉沉,-1
黑洞洞,-1
黑漆寥光,-1
黑漆漆,-1
黑灯瞎火,-1
黑茫茫,-1
黑蒙蒙,-1
黑黝黝,-1
黑黢黢,-1
黝,-1
黝暗,-1
黝黯,-1
黠,-1
黠慧,-1
黢,-1
黢黑,-1
黩,-1
黪,-1
黯,-1
黯淡,-1
黯然,-1
黯然神伤,-1
黯然销魂,-1
鼎沸,-1
鼠目寸光,-1
鼠胆,-1
鼻酸,-1
龃,-1
龃龉,-1
龉,-1
龌,-1
龌龊,-1
